"","cluster_set","featset","focgene","threshold","Accuracy","Kappa","AccuracyLower","AccuracyUpper","AccuracyNull","AccuracyPValue","McnemarPValue","AUC","Sensitivity","Specificity","Pos.Pred.Value","Neg.Pred.Value","Precision","Recall","F1","Prevalence","Detection.Rate","Detection.Prevalence","Balanced.Accuracy","method"
"1","70_7","cds_compbias","HA",0.026,0.666,0.35,0.648,0.684,0.769,1,0,0.735,0.914,0.591,0.402,0.958,0.402,0.914,0.559,0.231,0.212,0.526,0.753,"rf"
"2","70_7","nuc_2mer","HA",0.006,0.551,0.201,0.532,0.57,0.769,1,0,0.636,0.861,0.458,0.323,0.916,0.323,0.861,0.47,0.231,0.199,0.616,0.659,"rf"
"3","70_7","nuc_3mer","HA",0.064,0.616,-0.155,0.598,0.635,0.769,1,0,0.179,0.076,0.779,0.094,0.737,0.094,0.076,0.084,0.231,0.018,0.187,0.428,"rf"
"4","70_7","nuc_4mer","HA",0.03,0.583,0.176,0.564,0.602,0.769,1,0,0.641,0.706,0.546,0.319,0.86,0.319,0.706,0.439,0.231,0.163,0.512,0.626,"rf"
"5","70_7","nuc_5mer","HA",0.035,0.776,0.494,0.76,0.792,0.769,0.186,0,0.785,0.866,0.749,0.51,0.949,0.51,0.866,0.641,0.231,0.2,0.393,0.807,"rf"
"6","70_7","nuc_6mer","HA",0.034,0.781,0.525,0.764,0.796,0.769,0.074,0,0.825,0.955,0.728,0.514,0.982,0.514,0.955,0.668,0.231,0.221,0.43,0.841,"rf"
"7","70_7","prot_2mer","HA",0.023,0.841,0.639,0.826,0.855,0.769,0,0,0.85,0.997,0.794,0.593,0.999,0.593,0.997,0.744,0.231,0.231,0.389,0.895,"rf"
"8","70_7","prot_ctdc","HA",0.007,0.802,0.551,0.786,0.817,0.769,0,0,0.878,0.914,0.768,0.543,0.967,0.543,0.914,0.681,0.231,0.212,0.39,0.841,"rf"
"9","70_7","prot_ctdd","HA",0.028,0.876,0.688,0.863,0.888,0.769,0,0,0.945,0.898,0.869,0.674,0.966,0.674,0.898,0.77,0.231,0.208,0.308,0.884,"rf"
"10","70_7","prot_ctdt","HA",0.023,0.82,0.586,0.805,0.835,0.769,0,0,0.841,0.927,0.788,0.568,0.973,0.568,0.927,0.705,0.231,0.215,0.378,0.858,"rf"
"11","70_7","prot_ctriad","HA",0.039,0.825,0.606,0.811,0.84,0.769,0,0,0.804,0.976,0.78,0.572,0.991,0.572,0.976,0.721,0.231,0.226,0.395,0.878,"rf"
"12","70_7","prot_pseaac","HA",0.022,0.801,0.532,0.785,0.816,0.769,0,0,0.863,0.85,0.787,0.545,0.946,0.545,0.85,0.664,0.231,0.197,0.361,0.818,"rf"
"13","70_7","cds_compbias","M1",0.041,0.899,0.743,0.887,0.91,0.769,0,0,0.964,0.929,0.89,0.718,0.976,0.718,0.929,0.81,0.231,0.215,0.299,0.91,"rf"
"14","70_7","nuc_2mer","M1",0.034,0.854,0.633,0.84,0.867,0.769,0,0,0.935,0.859,0.852,0.636,0.953,0.636,0.859,0.731,0.231,0.199,0.313,0.856,"rf"
"15","70_7","nuc_3mer","M1",0.031,0.83,0.597,0.815,0.844,0.769,0,0,0.914,0.903,0.808,0.586,0.965,0.586,0.903,0.71,0.231,0.209,0.357,0.855,"rf"
"16","70_7","nuc_4mer","M1",0.042,0.767,0.464,0.75,0.783,0.769,0.601,0,0.871,0.817,0.751,0.498,0.932,0.498,0.817,0.618,0.231,0.189,0.38,0.784,"rf"
"17","70_7","nuc_5mer","M1",0.022,0.84,0.616,0.826,0.854,0.769,0,0,0.941,0.9,0.822,0.604,0.965,0.604,0.9,0.723,0.231,0.208,0.345,0.861,"rf"
"18","70_7","nuc_6mer","M1",0.017,0.838,0.608,0.823,0.852,0.769,0,0,0.925,0.882,0.825,0.602,0.959,0.602,0.882,0.716,0.231,0.204,0.339,0.853,"rf"
"19","70_7","prot_2mer","M1",0.042,0.966,0.904,0.959,0.973,0.769,0,0.027,0.934,0.909,0.983,0.943,0.973,0.943,0.909,0.926,0.231,0.21,0.223,0.946,"rf"
"20","70_7","prot_ctdc","M1",0.024,0.951,0.862,0.942,0.959,0.769,0,1,0.893,0.893,0.968,0.895,0.968,0.895,0.893,0.894,0.231,0.207,0.231,0.931,"rf"
"21","70_7","prot_ctdd","M1",0.025,0.94,0.837,0.931,0.949,0.769,0,0,0.918,0.913,0.949,0.843,0.973,0.843,0.913,0.876,0.231,0.211,0.251,0.931,"rf"
"22","70_7","prot_ctdt","M1",0.025,0.953,0.869,0.944,0.961,0.769,0,0.592,0.915,0.905,0.968,0.894,0.971,0.894,0.905,0.899,0.231,0.209,0.234,0.936,"rf"
"23","70_7","prot_ctriad","M1",0.026,0.945,0.841,0.935,0.953,0.769,0,0.001,0.898,0.848,0.974,0.907,0.955,0.907,0.848,0.876,0.231,0.196,0.216,0.911,"rf"
"24","70_7","prot_pseaac","M1",0.032,0.942,0.831,0.932,0.95,0.769,0,0,0.855,0.837,0.973,0.904,0.952,0.904,0.837,0.869,0.231,0.194,0.214,0.905,"rf"
"25","70_7","cds_compbias","NA",0.006,0.366,0.009,0.348,0.385,0.769,1,0,0.392,0.773,0.243,0.235,0.781,0.235,0.773,0.361,0.231,0.179,0.761,0.508,"rf"
"26","70_7","nuc_2mer","NA",0.03,0.569,-0.209,0.549,0.587,0.769,1,0.883,0.153,0.073,0.718,0.072,0.72,0.072,0.073,0.072,0.231,0.017,0.234,0.395,"rf"
"27","70_7","nuc_3mer","NA",0.003,0.257,0.004,0.24,0.274,0.769,1,0,0.16,0.966,0.043,0.233,0.807,0.233,0.966,0.376,0.231,0.224,0.959,0.504,"rf"
"28","70_7","nuc_4mer","NA",0.032,0.457,-0.223,0.438,0.476,0.769,1,0,0.189,0.181,0.54,0.106,0.686,0.106,0.181,0.134,0.231,0.042,0.396,0.361,"rf"
"29","70_7","nuc_5mer","NA",0.027,0.464,-0.189,0.445,0.483,0.769,1,0,0.23,0.225,0.536,0.127,0.697,0.127,0.225,0.163,0.231,0.052,0.409,0.38,"rf"
"30","70_7","nuc_6mer","NA",0.044,0.653,0.022,0.635,0.671,0.769,1,0.869,0.39,0.246,0.776,0.248,0.774,0.248,0.246,0.247,0.231,0.057,0.229,0.511,"rf"
"31","70_7","prot_2mer","NA",0.003,0.451,0.053,0.432,0.47,0.769,1,0,0.509,0.717,0.37,0.255,0.813,0.255,0.717,0.377,0.231,0.166,0.65,0.544,"rf"
"32","70_7","prot_ctdc","NA",0.014,0.555,0.06,0.536,0.574,0.769,1,0,0.54,0.511,0.569,0.263,0.794,0.263,0.511,0.347,0.231,0.118,0.45,0.54,"rf"
"33","70_7","prot_ctdd","NA",0.008,0.719,0.394,0.702,0.736,0.769,1,0,0.725,0.824,0.688,0.443,0.928,0.443,0.824,0.576,0.231,0.191,0.43,0.756,"rf"
"34","70_7","prot_ctdt","NA",0.005,0.424,0.048,0.405,0.443,0.769,1,0,0.473,0.759,0.323,0.252,0.816,0.252,0.759,0.379,0.231,0.176,0.696,0.541,"rf"
"35","70_7","prot_ctriad","NA",0.022,0.555,-0.091,0.536,0.574,0.769,1,0,0.34,0.248,0.648,0.175,0.741,0.175,0.248,0.205,0.231,0.057,0.328,0.448,"rf"
"36","70_7","prot_pseaac","NA",0.015,0.571,0.055,0.552,0.59,0.769,1,0,0.468,0.468,0.602,0.262,0.79,0.262,0.468,0.335,0.231,0.108,0.414,0.535,"rf"
"37","70_7","cds_compbias","NP",0.03,0.775,0.443,0.759,0.791,0.769,0.225,0,0.866,0.709,0.795,0.51,0.901,0.51,0.709,0.593,0.231,0.164,0.322,0.752,"rf"
"38","70_7","nuc_2mer","NP",0.049,0.759,0.408,0.742,0.775,0.769,0.879,0,0.825,0.684,0.782,0.486,0.892,0.486,0.684,0.568,0.231,0.158,0.326,0.733,"rf"
"39","70_7","nuc_3mer","NP",0.023,0.706,0.313,0.688,0.723,0.769,1,0,0.784,0.657,0.72,0.414,0.875,0.414,0.657,0.508,0.231,0.152,0.367,0.689,"rf"
"40","70_7","nuc_4mer","NP",0.043,0.688,0.235,0.67,0.705,0.769,1,0,0.67,0.537,0.733,0.377,0.84,0.377,0.537,0.443,0.231,0.124,0.33,0.635,"rf"
"41","70_7","nuc_5mer","NP",0.027,0.839,0.604,0.825,0.853,0.769,0,0,0.927,0.853,0.835,0.609,0.95,0.609,0.853,0.711,0.231,0.197,0.324,0.844,"rf"
"42","70_7","nuc_6mer","NP",0.013,0.701,0.353,0.684,0.719,0.769,1,0,0.826,0.78,0.678,0.422,0.911,0.422,0.78,0.547,0.231,0.181,0.428,0.729,"rf"
"43","70_7","prot_2mer","NP",0.021,0.905,0.759,0.893,0.916,0.769,0,0,0.969,0.953,0.89,0.724,0.984,0.724,0.953,0.823,0.231,0.221,0.305,0.922,"rf"
"44","70_7","prot_ctdc","NP",0.046,0.804,0.549,0.789,0.819,0.769,0,0,0.862,0.892,0.778,0.547,0.96,0.547,0.892,0.678,0.231,0.206,0.377,0.835,"rf"
"45","70_7","prot_ctdd","NP",0.048,0.847,0.625,0.833,0.861,0.769,0,0,0.903,0.879,0.838,0.62,0.958,0.62,0.879,0.727,0.231,0.203,0.328,0.858,"rf"
"46","70_7","prot_ctdt","NP",0.021,0.687,0.254,0.669,0.705,0.769,1,0,0.672,0.579,0.72,0.384,0.85,0.384,0.579,0.462,0.231,0.134,0.349,0.65,"rf"
"47","70_7","prot_ctriad","NP",0.045,0.834,0.589,0.819,0.848,0.769,0,0,0.872,0.833,0.834,0.602,0.943,0.602,0.833,0.699,0.231,0.193,0.32,0.834,"rf"
"48","70_7","prot_pseaac","NP",0.014,0.844,0.643,0.83,0.858,0.769,0,0,0.919,0.99,0.8,0.599,0.996,0.599,0.99,0.746,0.231,0.229,0.383,0.895,"rf"
"49","70_7","cds_compbias","NS1",0.035,0.863,0.665,0.85,0.876,0.769,0,0,0.923,0.916,0.847,0.644,0.971,0.644,0.916,0.756,0.231,0.212,0.329,0.882,"rf"
"50","70_7","nuc_2mer","NS1",0.047,0.858,0.627,0.844,0.871,0.769,0,0,0.907,0.793,0.878,0.661,0.934,0.661,0.793,0.721,0.231,0.184,0.278,0.835,"rf"
"51","70_7","nuc_3mer","NS1",0.033,0.803,0.527,0.787,0.818,0.769,0,0,0.888,0.82,0.798,0.55,0.936,0.55,0.82,0.658,0.231,0.19,0.345,0.809,"rf"
"52","70_7","nuc_4mer","NS1",0.03,0.82,0.574,0.805,0.835,0.769,0,0,0.907,0.879,0.803,0.573,0.956,0.573,0.879,0.693,0.231,0.203,0.355,0.841,"rf"
"53","70_7","nuc_5mer","NS1",0.047,0.895,0.73,0.883,0.907,0.769,0,0,0.96,0.905,0.892,0.717,0.969,0.717,0.905,0.8,0.231,0.209,0.292,0.898,"rf"
"54","70_7","nuc_6mer","NS1",0.026,0.842,0.619,0.827,0.855,0.769,0,0,0.913,0.9,0.824,0.606,0.965,0.606,0.9,0.724,0.231,0.208,0.343,0.862,"rf"
"55","70_7","prot_2mer","NS1",0.054,0.941,0.842,0.932,0.95,0.769,0,0,0.987,0.94,0.942,0.829,0.981,0.829,0.94,0.881,0.231,0.218,0.263,0.941,"rf"
"56","70_7","prot_ctdc","NS1",0.074,0.833,0.579,0.818,0.847,0.769,0,0,0.921,0.804,0.842,0.605,0.935,0.605,0.804,0.69,0.231,0.186,0.308,0.823,"rf"
"57","70_7","prot_ctdd","NS1",0.046,0.885,0.71,0.873,0.897,0.769,0,0,0.968,0.913,0.877,0.691,0.971,0.691,0.913,0.787,0.231,0.211,0.306,0.895,"rf"
"58","70_7","prot_ctdt","NS1",0.066,0.902,0.745,0.89,0.913,0.769,0,0,0.974,0.903,0.902,0.734,0.969,0.734,0.903,0.81,0.231,0.209,0.285,0.902,"rf"
"59","70_7","prot_ctriad","NS1",0.039,0.887,0.693,0.874,0.899,0.769,0,0,0.926,0.807,0.911,0.732,0.94,0.732,0.807,0.768,0.231,0.187,0.255,0.859,"rf"
"60","70_7","prot_pseaac","NS1",0.056,0.875,0.679,0.862,0.888,0.769,0,0,0.946,0.864,0.879,0.682,0.955,0.682,0.864,0.762,0.231,0.2,0.293,0.871,"rf"
"61","70_7","cds_compbias","PA",0.023,0.557,0.128,0.537,0.576,0.769,1,0,0.652,0.655,0.527,0.294,0.835,0.294,0.655,0.406,0.231,0.152,0.515,0.591,"rf"
"62","70_7","nuc_2mer","PA",0.047,0.7,0.358,0.682,0.717,0.769,1,0,0.757,0.801,0.67,0.422,0.918,0.422,0.801,0.553,0.231,0.185,0.439,0.735,"rf"
"63","70_7","nuc_3mer","PA",0.031,0.585,0.131,0.566,0.603,0.769,1,0,0.615,0.594,0.582,0.3,0.826,0.3,0.594,0.398,0.231,0.137,0.459,0.588,"rf"
"64","70_7","nuc_4mer","PA",0.028,0.603,0.18,0.584,0.622,0.769,1,0,0.668,0.659,0.586,0.324,0.851,0.324,0.659,0.434,0.231,0.152,0.47,0.622,"rf"
"65","70_7","nuc_5mer","PA",0.028,0.543,0.083,0.524,0.562,0.769,1,0,0.583,0.586,0.531,0.273,0.81,0.273,0.586,0.373,0.231,0.136,0.496,0.558,"rf"
"66","70_7","nuc_6mer","PA",0.036,0.659,0.189,0.64,0.677,0.769,1,0,0.65,0.524,0.699,0.344,0.83,0.344,0.524,0.416,0.231,0.121,0.352,0.612,"rf"
"67","70_7","prot_2mer","PA",0.014,0.706,0.262,0.688,0.723,0.769,1,0,0.643,0.537,0.757,0.4,0.844,0.4,0.537,0.458,0.231,0.124,0.311,0.647,"rf"
"68","70_7","prot_ctdc","PA",0.018,0.683,0.382,0.665,0.7,0.769,1,0,0.765,0.95,0.602,0.418,0.976,0.418,0.95,0.581,0.231,0.22,0.525,0.776,"rf"
"69","70_7","prot_ctdd","PA",0.011,0.675,0.365,0.656,0.692,0.769,1,0,0.777,0.929,0.598,0.41,0.965,0.41,0.929,0.569,0.231,0.215,0.524,0.763,"rf"
"70","70_7","prot_ctdt","PA",0.014,0.598,0.163,0.579,0.617,0.769,1,0,0.663,0.631,0.588,0.316,0.841,0.316,0.631,0.421,0.231,0.146,0.463,0.61,"rf"
"71","70_7","prot_ctriad","PA",0.033,0.84,0.617,0.825,0.853,0.769,0,0,0.905,0.908,0.819,0.602,0.967,0.602,0.908,0.724,0.231,0.21,0.349,0.863,"rf"
"72","70_7","prot_pseaac","PA",0.009,0.638,0.333,0.62,0.656,0.769,1,0,0.716,0.968,0.539,0.387,0.982,0.387,0.968,0.553,0.231,0.224,0.578,0.753,"rf"
"73","70_7","cds_compbias","PB1",0.034,0.792,0.508,0.776,0.807,0.769,0.002,0,0.894,0.82,0.783,0.533,0.935,0.533,0.82,0.646,0.231,0.19,0.357,0.802,"rf"
"74","70_7","nuc_2mer","PB1",0.027,0.79,0.503,0.774,0.805,0.769,0.005,0,0.876,0.817,0.781,0.529,0.934,0.529,0.817,0.642,0.231,0.189,0.357,0.799,"rf"
"75","70_7","nuc_3mer","PB1",0.036,0.763,0.469,0.746,0.779,0.769,0.776,0,0.879,0.856,0.734,0.493,0.944,0.493,0.856,0.625,0.231,0.198,0.402,0.795,"rf"
"76","70_7","nuc_4mer","PB1",0.04,0.726,0.363,0.708,0.743,0.769,1,0,0.823,0.709,0.731,0.442,0.893,0.442,0.709,0.545,0.231,0.164,0.371,0.72,"rf"
"77","70_7","nuc_5mer","PB1",0.03,0.677,0.307,0.659,0.695,0.769,1,0,0.757,0.748,0.655,0.395,0.896,0.395,0.748,0.517,0.231,0.173,0.438,0.702,"rf"
"78","70_7","nuc_6mer","PB1",0.049,0.821,0.515,0.806,0.835,0.769,0,0.001,0.847,0.67,0.866,0.601,0.897,0.601,0.67,0.634,0.231,0.155,0.258,0.768,"rf"
"79","70_7","prot_2mer","PB1",0.046,0.94,0.842,0.931,0.949,0.769,0,0,0.974,0.956,0.936,0.817,0.986,0.817,0.956,0.881,0.231,0.221,0.271,0.946,"rf"
"80","70_7","prot_ctdc","PB1",0.017,0.667,0.297,0.648,0.685,0.769,1,0,0.746,0.756,0.64,0.387,0.897,0.387,0.756,0.512,0.231,0.175,0.452,0.698,"rf"
"81","70_7","prot_ctdd","PB1",0.059,0.915,0.783,0.904,0.925,0.769,0,0,0.97,0.964,0.9,0.744,0.988,0.744,0.964,0.84,0.231,0.223,0.3,0.932,"rf"
"82","70_7","prot_ctdt","PB1",0.009,0.701,0.393,0.683,0.718,0.769,1,0,0.825,0.906,0.639,0.43,0.958,0.43,0.906,0.584,0.231,0.21,0.487,0.773,"rf"
"83","70_7","prot_ctriad","PB1",0.006,0.783,0.538,0.767,0.799,0.769,0.038,0,0.901,0.99,0.721,0.516,0.996,0.516,0.99,0.679,0.231,0.229,0.444,0.856,"rf"
"84","70_7","prot_pseaac","PB1",0.023,0.767,0.431,0.751,0.783,0.769,0.565,0,0.819,0.71,0.785,0.498,0.9,0.498,0.71,0.586,0.231,0.164,0.33,0.747,"rf"
"85","70_7","cds_compbias","PB2",0.017,0.678,0.366,0.66,0.696,0.769,1,0,0.807,0.914,0.607,0.412,0.959,0.412,0.914,0.568,0.231,0.212,0.513,0.761,"rf"
"86","70_7","nuc_2mer","PB2",0.03,0.688,0.341,0.67,0.706,0.769,1,0,0.75,0.799,0.654,0.411,0.915,0.411,0.799,0.543,0.231,0.185,0.451,0.727,"rf"
"87","70_7","nuc_3mer","PB2",0.029,0.688,0.342,0.67,0.705,0.769,1,0,0.775,0.803,0.653,0.411,0.917,0.411,0.803,0.543,0.231,0.186,0.452,0.728,"rf"
"88","70_7","nuc_4mer","PB2",0.034,0.676,0.307,0.658,0.694,0.769,1,0,0.788,0.748,0.655,0.395,0.896,0.395,0.748,0.517,0.231,0.173,0.438,0.701,"rf"
"89","70_7","nuc_5mer","PB2",0.025,0.717,0.391,0.699,0.734,0.769,1,0,0.824,0.827,0.684,0.441,0.929,0.441,0.827,0.575,0.231,0.191,0.434,0.755,"rf"
"90","70_7","nuc_6mer","PB2",0.019,0.655,0.309,0.637,0.673,0.769,1,0,0.751,0.832,0.602,0.386,0.922,0.386,0.832,0.527,0.231,0.193,0.499,0.717,"rf"
"91","70_7","prot_2mer","PB2",0.048,0.895,0.731,0.882,0.906,0.769,0,0,0.966,0.917,0.888,0.711,0.973,0.711,0.917,0.801,0.231,0.212,0.299,0.903,"rf"
"92","70_7","prot_ctdc","PB2",0.058,0.912,0.769,0.9,0.922,0.769,0,0,0.962,0.919,0.909,0.753,0.974,0.753,0.919,0.828,0.231,0.213,0.282,0.914,"rf"
"93","70_7","prot_ctdd","PB2",0.077,0.852,0.623,0.838,0.865,0.769,0,0,0.928,0.832,0.858,0.638,0.944,0.638,0.832,0.722,0.231,0.193,0.302,0.845,"rf"
"94","70_7","prot_ctdt","PB2",0.059,0.896,0.734,0.883,0.907,0.769,0,0,0.963,0.922,0.887,0.712,0.974,0.712,0.922,0.803,0.231,0.213,0.3,0.905,"rf"
"95","70_7","prot_ctriad","PB2",0.061,0.848,0.611,0.833,0.861,0.769,0,0,0.922,0.816,0.857,0.632,0.939,0.632,0.816,0.712,0.231,0.189,0.299,0.836,"rf"
"96","70_7","prot_pseaac","PB2",0.053,0.87,0.68,0.857,0.883,0.769,0,0,0.943,0.922,0.854,0.656,0.973,0.656,0.922,0.767,0.231,0.213,0.325,0.888,"rf"
"97","70_7","cds_compbias","HA",0.007,0.882,0.713,0.87,0.894,0.769,0,0,0.945,0.964,0.858,0.671,0.988,0.671,0.964,0.792,0.231,0.223,0.333,0.911,"svmlin"
"98","70_7","nuc_2mer","HA",0.005,0.799,0.545,0.783,0.814,0.769,0,0,0.818,0.914,0.764,0.539,0.967,0.539,0.914,0.678,0.231,0.212,0.393,0.839,"svmlin"
"99","70_7","nuc_3mer","HA",0.018,0.939,0.834,0.929,0.947,0.769,0,0,0.961,0.929,0.942,0.827,0.978,0.827,0.929,0.875,0.231,0.215,0.26,0.935,"svmlin"
"100","70_7","nuc_4mer","HA",0.002,0.788,0.509,0.772,0.803,0.769,0.01,0,0.84,0.85,0.769,0.526,0.944,0.526,0.85,0.649,0.231,0.197,0.374,0.809,"svmlin"
"101","70_7","nuc_5mer","HA",0.003,0.847,0.631,0.833,0.861,0.769,0,0,0.909,0.906,0.829,0.615,0.967,0.615,0.906,0.733,0.231,0.21,0.341,0.868,"svmlin"
"102","70_7","nuc_6mer","HA",0.011,0.762,0.471,0.745,0.778,0.769,0.802,0,0.834,0.864,0.731,0.492,0.947,0.492,0.864,0.627,0.231,0.2,0.407,0.798,"svmlin"
"103","70_7","prot_2mer","HA",0.003,0.286,-0.048,0.269,0.304,0.769,1,0,0.208,0.767,0.141,0.212,0.668,0.212,0.767,0.332,0.231,0.178,0.837,0.454,"svmlin"
"104","70_7","prot_ctdc","HA",0.013,0.71,0.331,0.692,0.727,0.769,1,0,0.646,0.686,0.717,0.422,0.884,0.422,0.686,0.523,0.231,0.159,0.376,0.702,"svmlin"
"105","70_7","prot_ctdd","HA",0.001,0.854,0.641,0.84,0.867,0.769,0,0,0.846,0.893,0.842,0.629,0.963,0.629,0.893,0.738,0.231,0.207,0.328,0.867,"svmlin"
"106","70_7","prot_ctdt","HA",0.009,0.907,0.758,0.896,0.918,0.769,0,0,0.925,0.905,0.908,0.748,0.969,0.748,0.905,0.819,0.231,0.209,0.28,0.906,"svmlin"
"107","70_7","prot_ctriad","HA",0.007,0.888,0.708,0.875,0.899,0.769,0,0,0.917,0.874,0.892,0.709,0.959,0.709,0.874,0.783,0.231,0.202,0.285,0.883,"svmlin"
"108","70_7","prot_pseaac","HA",0.008,0.55,0.137,0.531,0.569,0.769,1,0,0.539,0.696,0.506,0.298,0.847,0.298,0.696,0.417,0.231,0.161,0.541,0.601,"svmlin"
"109","70_7","cds_compbias","M1",0.018,0.801,0.508,0.785,0.816,0.769,0,0,0.768,0.767,0.811,0.55,0.92,0.55,0.767,0.641,0.231,0.178,0.323,0.789,"svmlin"
"110","70_7","nuc_2mer","M1",0.013,0.602,0.242,0.583,0.621,0.769,1,0,0.614,0.82,0.537,0.348,0.908,0.348,0.82,0.488,0.231,0.19,0.546,0.678,"svmlin"
"111","70_7","nuc_3mer","M1",0.011,0.637,0.256,0.618,0.655,0.769,1,0,0.652,0.749,0.603,0.362,0.889,0.362,0.749,0.488,0.231,0.173,0.479,0.676,"svmlin"
"112","70_7","nuc_4mer","M1",0.015,0.69,0.326,0.672,0.708,0.769,1,0,0.688,0.749,0.673,0.408,0.899,0.408,0.749,0.528,0.231,0.173,0.425,0.711,"svmlin"
"113","70_7","nuc_5mer","M1",0.015,0.725,0.356,0.708,0.742,0.769,1,0,0.693,0.691,0.736,0.441,0.888,0.441,0.691,0.538,0.231,0.16,0.363,0.713,"svmlin"
"114","70_7","nuc_6mer","M1",0.011,0.699,0.334,0.681,0.717,0.769,1,0,0.703,0.736,0.688,0.416,0.897,0.416,0.736,0.531,0.231,0.17,0.41,0.712,"svmlin"
"115","70_7","prot_2mer","M1",0.021,0.827,0.537,0.812,0.841,0.769,0,0,0.631,0.702,0.864,0.609,0.906,0.609,0.702,0.652,0.231,0.163,0.267,0.783,"svmlin"
"116","70_7","prot_ctdc","M1",0.014,0.315,-0.036,0.297,0.333,0.769,1,0,0.2,0.748,0.185,0.216,0.708,0.216,0.748,0.336,0.231,0.173,0.8,0.466,"svmlin"
"117","70_7","prot_ctdd","M1",0.012,0.295,-0.059,0.278,0.312,0.769,1,0,0.193,0.725,0.165,0.207,0.666,0.207,0.725,0.322,0.231,0.168,0.809,0.445,"svmlin"
"118","70_7","prot_ctdt","M1",0.016,0.936,0.814,0.926,0.945,0.769,0,0,0.819,0.819,0.971,0.896,0.947,0.896,0.819,0.855,0.231,0.19,0.212,0.895,"svmlin"
"119","70_7","prot_ctriad","M1",0.02,0.697,0.336,0.679,0.714,0.769,1,0,0.538,0.751,0.68,0.414,0.901,0.414,0.751,0.534,0.231,0.174,0.419,0.716,"svmlin"
"120","70_7","prot_pseaac","M1",0.02,0.86,0.618,0.847,0.873,0.769,0,0.013,0.744,0.738,0.897,0.684,0.919,0.684,0.738,0.71,0.231,0.171,0.25,0.818,"svmlin"
"121","70_7","cds_compbias","NA",0.994,0.769,0.002,0.752,0.785,0.769,0.492,0,0.028,0.002,1,1,0.769,1,0.002,0.003,0.231,0,0,0.501,"svmlin"
"122","70_7","nuc_2mer","NA",0.053,0.672,-0.121,0.654,0.69,0.769,1,0,0.098,0.037,0.864,0.076,0.749,0.076,0.037,0.05,0.231,0.009,0.113,0.45,"svmlin"
"123","70_7","nuc_3mer","NA",0.61,0.72,-0.082,0.702,0.737,0.769,1,0,0.018,0.005,0.935,0.022,0.757,0.022,0.005,0.008,0.231,0.001,0.051,0.47,"svmlin"
"124","70_7","nuc_4mer","NA",0.001,0.333,-0.04,0.315,0.352,0.769,1,0,0.279,0.707,0.221,0.215,0.715,0.215,0.707,0.329,0.231,0.164,0.763,0.464,"svmlin"
"125","70_7","nuc_5mer","NA",0.005,0.466,0.069,0.446,0.485,0.769,1,0,0.361,0.723,0.388,0.262,0.823,0.262,0.723,0.385,0.231,0.167,0.638,0.556,"svmlin"
"126","70_7","nuc_6mer","NA",0.006,0.748,0.413,0.731,0.765,0.769,0.993,0,0.631,0.749,0.748,0.472,0.908,0.472,0.749,0.579,0.231,0.173,0.367,0.749,"svmlin"
"127","70_7","prot_2mer","NA",0.004,0.59,0.185,0.571,0.609,0.769,1,0,0.579,0.706,0.556,0.323,0.862,0.323,0.706,0.444,0.231,0.163,0.505,0.631,"svmlin"
"128","70_7","prot_ctdc","NA",0.003,0.305,0.018,0.288,0.323,0.769,1,0,0.197,0.913,0.122,0.238,0.823,0.238,0.913,0.378,0.231,0.211,0.886,0.517,"svmlin"
"129","70_7","prot_ctdd","NA",0.005,0.266,-0.134,0.249,0.283,0.769,1,0,0.199,0.587,0.169,0.176,0.576,0.176,0.587,0.27,0.231,0.136,0.775,0.378,"svmlin"
"130","70_7","prot_ctdt","NA",0.006,0.434,0.054,0.415,0.453,0.769,1,0,0.42,0.754,0.337,0.255,0.82,0.255,0.754,0.381,0.231,0.175,0.684,0.546,"svmlin"
"131","70_7","prot_ctriad","NA",0.001,0.601,0.26,0.582,0.62,0.769,1,0,0.652,0.875,0.519,0.354,0.933,0.354,0.875,0.504,0.231,0.203,0.573,0.697,"svmlin"
"132","70_7","prot_pseaac","NA",0.004,0.297,0.001,0.279,0.314,0.769,1,0,0.225,0.882,0.12,0.232,0.772,0.232,0.882,0.367,0.231,0.204,0.88,0.501,"svmlin"
"133","70_7","cds_compbias","NP",0.013,0.783,0.471,0.767,0.799,0.769,0.038,0,0.769,0.751,0.793,0.522,0.914,0.522,0.751,0.616,0.231,0.174,0.333,0.772,"svmlin"
"134","70_7","nuc_2mer","NP",0.018,0.685,0.284,0.667,0.703,0.769,1,0,0.712,0.659,0.693,0.392,0.871,0.392,0.659,0.492,0.231,0.152,0.388,0.676,"svmlin"
"135","70_7","nuc_3mer","NP",0.01,0.79,0.483,0.774,0.806,0.769,0.004,0,0.841,0.749,0.803,0.533,0.914,0.533,0.749,0.623,0.231,0.173,0.325,0.776,"svmlin"
"136","70_7","nuc_4mer","NP",0.01,0.875,0.695,0.862,0.888,0.769,0,0,0.921,0.945,0.854,0.661,0.981,0.661,0.945,0.778,0.231,0.219,0.331,0.9,"svmlin"
"137","70_7","nuc_5mer","NP",0.007,0.764,0.477,0.747,0.78,0.769,0.718,0,0.836,0.874,0.731,0.495,0.951,0.495,0.874,0.632,0.231,0.202,0.409,0.802,"svmlin"
"138","70_7","nuc_6mer","NP",0.011,0.751,0.435,0.734,0.767,0.769,0.985,0,0.827,0.803,0.735,0.477,0.925,0.477,0.803,0.599,0.231,0.186,0.389,0.769,"svmlin"
"139","70_7","prot_2mer","NP",0.027,0.77,0.399,0.754,0.786,0.769,0.438,0,0.751,0.61,0.818,0.503,0.874,0.503,0.61,0.551,0.231,0.141,0.281,0.714,"svmlin"
"140","70_7","prot_ctdc","NP",0.018,0.404,0.04,0.385,0.423,0.769,1,0,0.379,0.778,0.291,0.249,0.814,0.249,0.778,0.377,0.231,0.18,0.725,0.535,"svmlin"
"141","70_7","prot_ctdd","NP",0.036,0.744,0.333,0.727,0.761,0.769,0.999,0,0.634,0.56,0.8,0.457,0.858,0.457,0.56,0.503,0.231,0.13,0.284,0.68,"svmlin"
"142","70_7","prot_ctdt","NP",0.022,0.774,0.459,0.758,0.79,0.769,0.254,0,0.782,0.761,0.778,0.508,0.915,0.508,0.761,0.609,0.231,0.176,0.346,0.769,"svmlin"
"143","70_7","prot_ctriad","NP",0.02,0.716,0.336,0.699,0.734,0.769,1,0,0.615,0.673,0.73,0.428,0.881,0.428,0.673,0.524,0.231,0.156,0.364,0.701,"svmlin"
"144","70_7","prot_pseaac","NP",0.023,0.53,0.122,0.511,0.549,0.769,1,0,0.466,0.707,0.477,0.289,0.844,0.289,0.707,0.411,0.231,0.164,0.566,0.592,"svmlin"
"145","70_7","cds_compbias","NS1",0.012,0.522,0.124,0.503,0.541,0.769,1,0,0.559,0.731,0.459,0.289,0.85,0.289,0.731,0.414,0.231,0.169,0.585,0.595,"svmlin"
"146","70_7","nuc_2mer","NS1",0.013,0.481,0.078,0.461,0.5,0.769,1,0,0.483,0.714,0.41,0.267,0.826,0.267,0.714,0.389,0.231,0.165,0.618,0.562,"svmlin"
"147","70_7","nuc_3mer","NS1",0.012,0.699,0.359,0.681,0.716,0.769,1,0,0.714,0.811,0.665,0.421,0.921,0.421,0.811,0.555,0.231,0.188,0.445,0.738,"svmlin"
"148","70_7","nuc_4mer","NS1",0.017,0.736,0.378,0.718,0.752,0.769,1,0,0.714,0.709,0.744,0.454,0.894,0.454,0.709,0.554,0.231,0.164,0.361,0.726,"svmlin"
"149","70_7","nuc_5mer","NS1",0.011,0.67,0.3,0.651,0.687,0.769,1,0,0.605,0.752,0.645,0.389,0.896,0.389,0.752,0.513,0.231,0.174,0.447,0.699,"svmlin"
"150","70_7","nuc_6mer","NS1",0.011,0.669,0.288,0.651,0.687,0.769,1,0,0.633,0.723,0.653,0.385,0.887,0.385,0.723,0.503,0.231,0.167,0.434,0.688,"svmlin"
"151","70_7","prot_2mer","NS1",0.013,0.562,0.152,0.543,0.581,0.769,1,0,0.587,0.699,0.521,0.305,0.852,0.305,0.699,0.425,0.231,0.162,0.53,0.61,"svmlin"
"152","70_7","prot_ctdc","NS1",0.02,0.458,0.005,0.439,0.477,0.769,1,0,0.388,0.589,0.419,0.234,0.772,0.234,0.589,0.335,0.231,0.136,0.583,0.504,"svmlin"
"153","70_7","prot_ctdd","NS1",0.018,0.647,0.275,0.629,0.665,0.769,1,0,0.693,0.764,0.612,0.372,0.896,0.372,0.764,0.501,0.231,0.177,0.475,0.688,"svmlin"
"154","70_7","prot_ctdt","NS1",0.013,0.458,0.06,0.439,0.477,0.769,1,0,0.51,0.717,0.38,0.258,0.817,0.258,0.717,0.38,0.231,0.166,0.642,0.548,"svmlin"
"155","70_7","prot_ctriad","NS1",0.022,0.785,0.444,0.769,0.8,0.769,0.022,0,0.779,0.659,0.823,0.529,0.889,0.529,0.659,0.586,0.231,0.152,0.288,0.741,"svmlin"
"156","70_7","prot_pseaac","NS1",0.021,0.566,0.113,0.547,0.585,0.769,1,0,0.574,0.599,0.556,0.289,0.821,0.289,0.599,0.39,0.231,0.139,0.48,0.577,"svmlin"
"157","70_7","cds_compbias","PA",0.044,0.688,-0.077,0.67,0.706,0.769,1,0,0.242,0.06,0.878,0.128,0.756,0.128,0.06,0.082,0.231,0.014,0.108,0.469,"svmlin"
"158","70_7","nuc_2mer","PA",0.013,0.444,0.032,0.425,0.463,0.769,1,0,0.416,0.68,0.373,0.246,0.794,0.246,0.68,0.361,0.231,0.157,0.639,0.526,"svmlin"
"159","70_7","nuc_3mer","PA",0.036,0.697,-0.062,0.68,0.715,0.769,1,0,0.193,0.061,0.889,0.143,0.759,0.143,0.061,0.086,0.231,0.014,0.1,0.475,"svmlin"
"160","70_7","nuc_4mer","PA",0.036,0.681,-0.055,0.663,0.699,0.769,1,0,0.144,0.095,0.858,0.168,0.759,0.168,0.095,0.122,0.231,0.022,0.131,0.477,"svmlin"
"161","70_7","nuc_5mer","PA",0.007,0.727,0.402,0.71,0.744,0.769,1,0,0.681,0.814,0.701,0.451,0.926,0.451,0.814,0.58,0.231,0.188,0.418,0.758,"svmlin"
"162","70_7","nuc_6mer","PA",0.009,0.469,0.076,0.45,0.488,0.769,1,0,0.534,0.733,0.389,0.266,0.829,0.266,0.733,0.39,0.231,0.17,0.639,0.561,"svmlin"
"163","70_7","prot_2mer","PA",0.027,0.661,-0.094,0.643,0.679,0.769,1,0,0.209,0.083,0.836,0.131,0.752,0.131,0.083,0.101,0.231,0.019,0.145,0.459,"svmlin"
"164","70_7","prot_ctdc","PA",0.02,0.633,0.17,0.614,0.651,0.769,1,0,0.579,0.555,0.656,0.327,0.83,0.327,0.555,0.412,0.231,0.128,0.393,0.605,"svmlin"
"165","70_7","prot_ctdd","PA",0.024,0.681,0.226,0.663,0.699,0.769,1,0,0.53,0.539,0.724,0.37,0.839,0.37,0.539,0.439,0.231,0.125,0.337,0.631,"svmlin"
"166","70_7","prot_ctdt","PA",0.011,0.323,-0.03,0.305,0.341,0.769,1,0,0.354,0.749,0.195,0.219,0.721,0.219,0.749,0.339,0.231,0.173,0.792,0.472,"svmlin"
"167","70_7","prot_ctriad","PA",0.02,0.563,0.101,0.543,0.581,0.769,1,0,0.456,0.581,0.557,0.283,0.815,0.283,0.581,0.381,0.231,0.134,0.475,0.569,"svmlin"
"168","70_7","prot_pseaac","PA",0.019,0.572,0.105,0.553,0.59,0.769,1,0,0.518,0.568,0.573,0.286,0.815,0.286,0.568,0.38,0.231,0.131,0.46,0.57,"svmlin"
"169","70_7","cds_compbias","PB1",0.013,0.643,0.249,0.624,0.661,0.769,1,0,0.631,0.71,0.622,0.362,0.877,0.362,0.71,0.479,0.231,0.164,0.455,0.666,"svmlin"
"170","70_7","nuc_2mer","PB1",0.014,0.704,0.337,0.686,0.721,0.769,1,0,0.636,0.727,0.697,0.419,0.894,0.419,0.727,0.532,0.231,0.168,0.401,0.712,"svmlin"
"171","70_7","nuc_3mer","PB1",0.016,0.747,0.418,0.73,0.764,0.769,0.996,0,0.798,0.769,0.741,0.472,0.914,0.472,0.769,0.585,0.231,0.178,0.377,0.755,"svmlin"
"172","70_7","nuc_4mer","PB1",0.015,0.767,0.422,0.75,0.783,0.769,0.601,0,0.736,0.689,0.79,0.497,0.894,0.497,0.689,0.578,0.231,0.16,0.321,0.74,"svmlin"
"173","70_7","nuc_5mer","PB1",0.011,0.737,0.381,0.72,0.754,0.769,1,0,0.736,0.709,0.746,0.457,0.895,0.457,0.709,0.555,0.231,0.164,0.359,0.727,"svmlin"
"174","70_7","nuc_6mer","PB1",0.013,0.687,0.3,0.669,0.704,0.769,1,0,0.711,0.694,0.684,0.398,0.881,0.398,0.694,0.506,0.231,0.161,0.403,0.689,"svmlin"
"175","70_7","prot_2mer","PB1",0.022,0.824,0.564,0.809,0.838,0.769,0,0,0.848,0.812,0.827,0.586,0.936,0.586,0.812,0.681,0.231,0.188,0.321,0.82,"svmlin"
"176","70_7","prot_ctdc","PB1",0.017,0.57,0.15,0.551,0.589,0.769,1,0,0.61,0.675,0.538,0.306,0.846,0.306,0.675,0.421,0.231,0.156,0.511,0.607,"svmlin"
"177","70_7","prot_ctdd","PB1",0.021,0.689,0.274,0.671,0.706,0.769,1,0,0.655,0.621,0.709,0.391,0.861,0.391,0.621,0.48,0.231,0.144,0.367,0.665,"svmlin"
"178","70_7","prot_ctdt","PB1",0.022,0.774,0.453,0.757,0.79,0.769,0.269,0,0.799,0.743,0.783,0.508,0.91,0.508,0.743,0.603,0.231,0.172,0.339,0.763,"svmlin"
"179","70_7","prot_ctriad","PB1",0.024,0.802,0.498,0.786,0.817,0.769,0,0,0.793,0.73,0.824,0.555,0.91,0.555,0.73,0.63,0.231,0.169,0.304,0.777,"svmlin"
"180","70_7","prot_pseaac","PB1",0.018,0.541,0.1,0.522,0.56,0.769,1,0,0.572,0.629,0.514,0.281,0.822,0.281,0.629,0.388,0.231,0.146,0.519,0.572,"svmlin"
"181","70_7","cds_compbias","PB2",0.01,0.699,0.365,0.681,0.717,0.769,1,0,0.781,0.824,0.662,0.423,0.926,0.423,0.824,0.559,0.231,0.191,0.451,0.743,"svmlin"
"182","70_7","nuc_2mer","PB2",0.013,0.386,-0.082,0.367,0.405,0.769,1,0,0.386,0.526,0.344,0.194,0.706,0.194,0.526,0.284,0.231,0.122,0.626,0.435,"svmlin"
"183","70_7","nuc_3mer","PB2",0.016,0.828,0.566,0.813,0.842,0.769,0,0,0.79,0.79,0.84,0.597,0.93,0.597,0.79,0.68,0.231,0.183,0.306,0.815,"svmlin"
"184","70_7","nuc_4mer","PB2",0.01,0.801,0.505,0.786,0.816,0.769,0,0,0.785,0.752,0.816,0.552,0.916,0.552,0.752,0.637,0.231,0.174,0.315,0.784,"svmlin"
"185","70_7","nuc_5mer","PB2",0.008,0.848,0.615,0.834,0.862,0.769,0,0,0.855,0.827,0.855,0.632,0.943,0.632,0.827,0.716,0.231,0.191,0.303,0.841,"svmlin"
"186","70_7","nuc_6mer","PB2",0.009,0.684,0.325,0.666,0.702,0.769,1,0,0.656,0.767,0.659,0.404,0.904,0.404,0.767,0.529,0.231,0.178,0.439,0.713,"svmlin"
"187","70_7","prot_2mer","PB2",0.016,0.809,0.508,0.794,0.824,0.769,0,0,0.775,0.717,0.837,0.57,0.908,0.57,0.717,0.635,0.231,0.166,0.291,0.777,"svmlin"
"188","70_7","prot_ctdc","PB2",0.024,0.809,0.535,0.794,0.824,0.769,0,0,0.794,0.806,0.81,0.561,0.933,0.561,0.806,0.662,0.231,0.187,0.332,0.808,"svmlin"
"189","70_7","prot_ctdd","PB2",0.026,0.761,0.418,0.744,0.777,0.769,0.827,0,0.786,0.706,0.778,0.489,0.898,0.489,0.706,0.577,0.231,0.163,0.334,0.742,"svmlin"
"190","70_7","prot_ctdt","PB2",0.016,0.77,0.447,0.754,0.786,0.769,0.438,0,0.789,0.744,0.778,0.502,0.91,0.502,0.744,0.6,0.231,0.172,0.343,0.761,"svmlin"
"191","70_7","prot_ctriad","PB2",0.016,0.843,0.595,0.829,0.857,0.769,0,0,0.83,0.788,0.86,0.628,0.931,0.628,0.788,0.699,0.231,0.182,0.29,0.824,"svmlin"
"192","70_7","prot_pseaac","PB2",0.024,0.804,0.524,0.789,0.819,0.769,0,0,0.799,0.798,0.807,0.554,0.93,0.554,0.798,0.654,0.231,0.185,0.333,0.802,"svmlin"
"193","70_7","cds_compbias","HA",0.012,0.681,0.354,0.663,0.699,0.769,1,0,0.712,0.866,0.625,0.41,0.939,0.41,0.866,0.557,0.231,0.2,0.488,0.745,"svm"
"194","70_7","nuc_2mer","HA",0.007,0.283,-0.015,0.266,0.3,0.769,1,0,0.156,0.862,0.108,0.226,0.723,0.226,0.862,0.358,0.231,0.2,0.885,0.485,"svm"
"195","70_7","nuc_3mer","HA",0.022,0.722,-0.016,0.704,0.739,0.769,1,0,0.112,0.07,0.918,0.204,0.766,0.204,0.07,0.104,0.231,0.016,0.079,0.494,"svm"
"196","70_7","nuc_4mer","HA",0.017,0.553,-0.189,0.534,0.572,0.769,1,0.005,0.128,0.115,0.685,0.099,0.72,0.099,0.115,0.106,0.231,0.027,0.269,0.4,"svm"
"197","70_7","nuc_5mer","HA",0.011,0.451,0.048,0.432,0.47,0.769,1,0,0.443,0.702,0.375,0.253,0.807,0.253,0.702,0.372,0.231,0.163,0.643,0.539,"svm"
"198","70_7","nuc_6mer","HA",0.022,0.718,-0.072,0.701,0.735,0.769,1,0,0.033,0.018,0.929,0.071,0.759,0.071,0.018,0.028,0.231,0.004,0.058,0.474,"svm"
"199","70_7","prot_2mer","HA",0.024,0.657,-0.058,0.639,0.675,0.769,1,0,0.136,0.131,0.816,0.176,0.757,0.176,0.131,0.15,0.231,0.03,0.172,0.473,"svm"
"200","70_7","prot_ctdc","HA",0.011,0.675,0.322,0.657,0.693,0.769,1,0,0.716,0.796,0.638,0.399,0.912,0.399,0.796,0.531,0.231,0.184,0.462,0.717,"svm"
"201","70_7","prot_ctdd","HA",0.023,0.654,-0.087,0.636,0.672,0.769,1,0,0.136,0.102,0.82,0.146,0.752,0.146,0.102,0.12,0.231,0.024,0.162,0.461,"svm"
"202","70_7","prot_ctdt","HA",0.018,0.622,-0.073,0.603,0.64,0.769,1,0.637,0.224,0.17,0.758,0.174,0.752,0.174,0.17,0.172,0.231,0.039,0.225,0.464,"svm"
"203","70_7","prot_ctriad","HA",0.012,0.829,0.605,0.814,0.843,0.769,0,0,0.806,0.939,0.796,0.581,0.977,0.581,0.939,0.718,0.231,0.217,0.374,0.867,"svm"
"204","70_7","prot_pseaac","HA",0.006,0.518,0.185,0.499,0.537,0.769,1,0,0.505,0.908,0.401,0.313,0.935,0.313,0.908,0.466,0.231,0.21,0.671,0.654,"svm"
"205","70_7","cds_compbias","M1",0.025,0.804,0.504,0.789,0.819,0.769,0,0,0.792,0.731,0.827,0.559,0.911,0.559,0.731,0.634,0.231,0.169,0.303,0.779,"svm"
"206","70_7","nuc_2mer","M1",0.013,0.593,0.261,0.574,0.612,0.769,1,0,0.619,0.905,0.5,0.352,0.946,0.352,0.905,0.507,0.231,0.209,0.594,0.702,"svm"
"207","70_7","nuc_3mer","M1",0.028,0.734,0.263,0.717,0.751,0.769,1,0.388,0.553,0.445,0.821,0.428,0.831,0.428,0.445,0.437,0.231,0.103,0.24,0.633,"svm"
"208","70_7","nuc_4mer","M1",0.024,0.851,0.566,0.837,0.865,0.769,0,0.001,0.792,0.626,0.919,0.7,0.891,0.7,0.626,0.661,0.231,0.145,0.207,0.773,"svm"
"209","70_7","nuc_5mer","M1",0.017,0.643,0.28,0.625,0.661,0.769,1,0,0.761,0.791,0.598,0.372,0.905,0.372,0.791,0.506,0.231,0.183,0.492,0.695,"svm"
"210","70_7","nuc_6mer","M1",0.021,0.386,0.015,0.368,0.405,0.769,1,0,0.351,0.749,0.277,0.238,0.786,0.238,0.749,0.361,0.231,0.173,0.729,0.513,"svm"
"211","70_7","prot_2mer","M1",0.017,0.307,0.04,0.289,0.325,0.769,1,0,0.162,0.977,0.105,0.247,0.939,0.247,0.977,0.395,0.231,0.226,0.914,0.541,"svm"
"212","70_7","prot_ctdc","M1",0.042,0.771,0.173,0.754,0.787,0.769,0.402,0,0.212,0.189,0.946,0.513,0.795,0.513,0.189,0.277,0.231,0.044,0.085,0.568,"svm"
"213","70_7","prot_ctdd","M1",0.033,0.75,0.123,0.733,0.766,0.769,0.989,0,0.243,0.176,0.923,0.407,0.788,0.407,0.176,0.246,0.231,0.041,0.1,0.549,"svm"
"214","70_7","prot_ctdt","M1",0.033,0.772,0.09,0.756,0.788,0.769,0.333,0,0.11,0.084,0.98,0.553,0.78,0.553,0.084,0.146,0.231,0.019,0.035,0.532,"svm"
"215","70_7","prot_ctriad","M1",0.018,0.341,0.07,0.323,0.359,0.769,1,0,0.2,0.997,0.143,0.259,0.993,0.259,0.997,0.412,0.231,0.231,0.889,0.57,"svm"
"216","70_7","prot_pseaac","M1",0.036,0.812,0.301,0.796,0.826,0.769,0,0,0.391,0.246,0.982,0.804,0.812,0.804,0.246,0.377,0.231,0.057,0.071,0.614,"svm"
"217","70_7","cds_compbias","NA",0.015,0.407,0.094,0.388,0.426,0.769,1,0,0.381,0.921,0.252,0.27,0.913,0.27,0.921,0.418,0.231,0.213,0.788,0.586,"svm"
"218","70_7","nuc_2mer","NA",0.016,0.709,0.365,0.692,0.727,0.769,1,0,0.65,0.783,0.687,0.43,0.913,0.43,0.783,0.555,0.231,0.181,0.422,0.735,"svm"
"219","70_7","nuc_3mer","NA",Inf,0.5,0,0.481,0.519,0.769,1,0,0.007,0.5,0.5,0.231,0.769,0.231,0.5,0.316,0.231,0.116,0.5,0.5,"svm"
"220","70_7","nuc_3mer","NA",-Inf,0.5,0,0.481,0.519,0.769,1,0,0.007,0.5,0.5,0.231,0.769,0.231,0.5,0.316,0.231,0.116,0.5,0.5,"svm"
"221","70_7","nuc_4mer","NA",0.021,0.751,-0.026,0.734,0.767,0.769,0.986,0,0.022,0.008,0.974,0.086,0.765,0.086,0.008,0.015,0.231,0.002,0.022,0.491,"svm"
"222","70_7","nuc_5mer","NA",0.01,0.29,-0.008,0.273,0.308,0.769,1,0,0.148,0.867,0.116,0.228,0.745,0.228,0.867,0.361,0.231,0.201,0.88,0.492,"svm"
"223","70_7","nuc_6mer","NA",Inf,0.5,0,0.481,0.519,0.769,1,0,0.008,0.5,0.5,0.231,0.769,0.231,0.5,0.316,0.231,0.116,0.5,0.5,"svm"
"224","70_7","nuc_6mer","NA",-Inf,0.5,0,0.481,0.519,0.769,1,0,0.008,0.5,0.5,0.231,0.769,0.231,0.5,0.316,0.231,0.116,0.5,0.5,"svm"
"225","70_7","prot_2mer","NA",0.019,0.763,0.464,0.747,0.779,0.769,0.748,0,0.823,0.833,0.742,0.493,0.937,0.493,0.833,0.62,0.231,0.193,0.391,0.788,"svm"
"226","70_7","prot_ctdc","NA",0.006,0.421,0.042,0.402,0.44,0.769,1,0,0.425,0.749,0.322,0.25,0.81,0.25,0.749,0.374,0.231,0.173,0.695,0.535,"svm"
"227","70_7","prot_ctdd","NA",0.04,0.769,0.012,0.753,0.785,0.769,0.474,0,0.019,0.01,0.998,0.6,0.77,0.6,0.01,0.019,0.231,0.002,0.004,0.504,"svm"
"228","70_7","prot_ctdt","NA",0.023,0.551,0.074,0.532,0.57,0.769,1,0,0.511,0.55,0.551,0.27,0.803,0.27,0.55,0.362,0.231,0.127,0.472,0.551,"svm"
"229","70_7","prot_ctriad","NA",0.022,0.442,0.048,0.423,0.461,0.769,1,0,0.391,0.72,0.359,0.253,0.81,0.253,0.72,0.374,0.231,0.167,0.66,0.539,"svm"
"230","70_7","prot_pseaac","NA",0.017,0.767,0.472,0.75,0.783,0.769,0.601,0,0.784,0.841,0.744,0.498,0.94,0.498,0.841,0.625,0.231,0.195,0.391,0.793,"svm"
"231","70_7","cds_compbias","NP",0.016,0.654,0.173,0.636,0.672,0.769,1,0,0.665,0.503,0.7,0.335,0.824,0.335,0.503,0.403,0.231,0.116,0.347,0.602,"svm"
"232","70_7","nuc_2mer","NP",0.014,0.622,0.184,0.603,0.641,0.769,1,0,0.666,0.615,0.624,0.33,0.843,0.33,0.615,0.43,0.231,0.142,0.431,0.62,"svm"
"233","70_7","nuc_3mer","NP",0.013,0.597,0.241,0.578,0.615,0.769,1,0,0.669,0.837,0.524,0.346,0.914,0.346,0.837,0.49,0.231,0.194,0.559,0.68,"svm"
"234","70_7","nuc_4mer","NP",0.021,0.788,0.403,0.772,0.803,0.769,0.009,0.9,0.708,0.539,0.863,0.542,0.861,0.542,0.539,0.541,0.231,0.125,0.23,0.701,"svm"
"235","70_7","nuc_5mer","NP",0.016,0.631,0.113,0.613,0.65,0.769,1,0,0.571,0.443,0.688,0.3,0.804,0.3,0.443,0.358,0.231,0.103,0.342,0.566,"svm"
"236","70_7","nuc_6mer","NP",0.026,0.397,-0.239,0.378,0.416,0.769,1,0,0.186,0.223,0.449,0.109,0.658,0.109,0.223,0.146,0.231,0.052,0.475,0.336,"svm"
"237","70_7","prot_2mer","NP",0.023,0.774,0.492,0.758,0.79,0.769,0.254,0,0.876,0.871,0.745,0.507,0.95,0.507,0.871,0.641,0.231,0.201,0.397,0.808,"svm"
"238","70_7","prot_ctdc","NP",0.041,0.895,0.678,0.882,0.906,0.769,0,0,0.679,0.655,0.967,0.856,0.903,0.856,0.655,0.742,0.231,0.152,0.177,0.811,"svm"
"239","70_7","prot_ctdd","NP",0.042,0.848,0.566,0.834,0.862,0.769,0,0.136,0.739,0.647,0.909,0.681,0.895,0.681,0.647,0.664,0.231,0.15,0.22,0.778,"svm"
"240","70_7","prot_ctdt","NP",0.038,0.905,0.716,0.893,0.916,0.769,0,0,0.719,0.71,0.963,0.854,0.917,0.854,0.71,0.776,0.231,0.164,0.193,0.837,"svm"
"241","70_7","prot_ctriad","NP",0.043,0.874,0.61,0.861,0.887,0.769,0,0,0.659,0.595,0.958,0.811,0.887,0.811,0.595,0.687,0.231,0.138,0.17,0.777,"svm"
"242","70_7","prot_pseaac","NP",0.036,0.809,0.477,0.793,0.823,0.769,0,0.034,0.713,0.626,0.864,0.58,0.885,0.58,0.626,0.602,0.231,0.145,0.25,0.745,"svm"
"243","70_7","cds_compbias","NS1",0.013,0.613,0.203,0.594,0.631,0.769,1,0,0.657,0.686,0.591,0.335,0.862,0.335,0.686,0.451,0.231,0.159,0.473,0.638,"svm"
"244","70_7","nuc_2mer","NS1",0.014,0.619,0.178,0.6,0.638,0.769,1,0,0.624,0.61,0.622,0.327,0.841,0.327,0.61,0.426,0.231,0.141,0.432,0.616,"svm"
"245","70_7","nuc_3mer","NS1",0.027,0.663,-0.058,0.644,0.68,0.769,1,0,0.263,0.123,0.825,0.175,0.757,0.175,0.123,0.144,0.231,0.028,0.163,0.474,"svm"
"246","70_7","nuc_4mer","NS1",0.022,0.695,0.219,0.677,0.712,0.769,1,0,0.551,0.482,0.759,0.376,0.83,0.376,0.482,0.422,0.231,0.112,0.297,0.62,"svm"
"247","70_7","nuc_5mer","NS1",0.015,0.396,-0.035,0.377,0.414,0.769,1,0,0.444,0.613,0.33,0.216,0.739,0.216,0.613,0.32,0.231,0.142,0.657,0.472,"svm"
"248","70_7","nuc_6mer","NS1",0.029,0.423,-0.178,0.404,0.442,0.769,1,0,0.207,0.293,0.462,0.141,0.685,0.141,0.293,0.19,0.231,0.068,0.481,0.378,"svm"
"249","70_7","prot_2mer","NS1",0.022,0.83,0.589,0.815,0.844,0.769,0,0,0.906,0.864,0.82,0.591,0.952,0.591,0.864,0.702,0.231,0.2,0.339,0.842,"svm"
"250","70_7","prot_ctdc","NS1",0.037,0.763,0.377,0.746,0.779,0.769,0.776,0,0.703,0.589,0.815,0.489,0.868,0.489,0.589,0.535,0.231,0.136,0.279,0.702,"svm"
"251","70_7","prot_ctdd","NS1",0.04,0.914,0.738,0.903,0.924,0.769,0,0,0.806,0.707,0.976,0.899,0.917,0.899,0.707,0.792,0.231,0.164,0.182,0.842,"svm"
"252","70_7","prot_ctdt","NS1",0.027,0.745,0.404,0.728,0.761,0.769,0.998,0,0.764,0.739,0.747,0.468,0.905,0.468,0.739,0.573,0.231,0.171,0.366,0.743,"svm"
"253","70_7","prot_ctriad","NS1",0.025,0.693,0.277,0.675,0.71,0.769,1,0,0.705,0.615,0.716,0.395,0.861,0.395,0.615,0.481,0.231,0.142,0.36,0.666,"svm"
"254","70_7","prot_pseaac","NS1",0.029,0.73,0.331,0.712,0.746,0.769,1,0,0.716,0.612,0.765,0.44,0.867,0.44,0.612,0.512,0.231,0.142,0.322,0.688,"svm"
"255","70_7","cds_compbias","PA",0.028,0.592,-0.145,0.573,0.61,0.769,1,0.928,0.219,0.121,0.733,0.121,0.735,0.121,0.121,0.121,0.231,0.028,0.233,0.427,"svm"
"256","70_7","nuc_2mer","PA",0.018,0.485,-0.001,0.466,0.505,0.769,1,0,0.481,0.526,0.473,0.231,0.768,0.231,0.526,0.321,0.231,0.122,0.527,0.5,"svm"
"257","70_7","nuc_3mer","PA",0.033,0.713,-0.024,0.696,0.73,0.769,1,0,0.129,0.076,0.905,0.194,0.765,0.194,0.076,0.109,0.231,0.018,0.091,0.491,"svm"
"258","70_7","nuc_4mer","PA",0.025,0.658,-0.069,0.639,0.676,0.769,1,0,0.202,0.118,0.82,0.165,0.755,0.165,0.118,0.138,0.231,0.027,0.166,0.469,"svm"
"259","70_7","nuc_5mer","PA",0.026,0.708,-0.022,0.69,0.725,0.769,1,0,0.246,0.087,0.895,0.2,0.765,0.2,0.087,0.122,0.231,0.02,0.101,0.491,"svm"
"260","70_7","nuc_6mer","PA",0.052,0.776,0.046,0.759,0.791,0.769,0.198,0,0.1,0.031,1,1,0.774,1,0.031,0.06,0.231,0.007,0.007,0.515,"svm"
"261","70_7","prot_2mer","PA",0.022,0.785,0.479,0.769,0.801,0.769,0.02,0,0.831,0.764,0.792,0.525,0.918,0.525,0.764,0.622,0.231,0.177,0.337,0.778,"svm"
"262","70_7","prot_ctdc","PA",0.037,0.834,0.506,0.819,0.848,0.769,0,0,0.618,0.563,0.915,0.667,0.874,0.667,0.563,0.611,0.231,0.13,0.196,0.739,"svm"
"263","70_7","prot_ctdd","PA",0.039,0.878,0.646,0.865,0.89,0.769,0,0.001,0.712,0.689,0.935,0.762,0.909,0.762,0.689,0.724,0.231,0.16,0.209,0.812,"svm"
"264","70_7","prot_ctdt","PA",0.038,0.834,0.53,0.82,0.848,0.769,0,0.476,0.73,0.629,0.896,0.646,0.889,0.646,0.629,0.638,0.231,0.146,0.225,0.763,"svm"
"265","70_7","prot_ctriad","PA",0.038,0.861,0.6,0.848,0.874,0.769,0,0.019,0.722,0.663,0.921,0.717,0.901,0.717,0.663,0.689,0.231,0.154,0.214,0.792,"svm"
"266","70_7","prot_pseaac","PA",0.034,0.856,0.587,0.842,0.869,0.769,0,0.074,0.829,0.66,0.915,0.701,0.899,0.701,0.66,0.68,0.231,0.153,0.218,0.788,"svm"
"267","70_7","cds_compbias","PB1",0.017,0.639,0.156,0.621,0.658,0.769,1,0,0.59,0.508,0.679,0.323,0.821,0.323,0.508,0.395,0.231,0.118,0.364,0.593,"svm"
"268","70_7","nuc_2mer","PB1",0.018,0.688,0.294,0.67,0.706,0.769,1,0,0.695,0.672,0.693,0.398,0.875,0.398,0.672,0.499,0.231,0.155,0.391,0.682,"svm"
"269","70_7","nuc_3mer","PB1",0.023,0.639,0.275,0.621,0.658,0.769,1,0,0.718,0.791,0.594,0.37,0.904,0.37,0.791,0.504,0.231,0.183,0.496,0.692,"svm"
"270","70_7","nuc_4mer","PB1",0.024,0.791,0.437,0.775,0.807,0.769,0.003,0.002,0.745,0.608,0.846,0.544,0.878,0.544,0.608,0.574,0.231,0.141,0.259,0.727,"svm"
"271","70_7","nuc_5mer","PB1",0.024,0.672,0.044,0.653,0.689,0.769,1,0.043,0.434,0.241,0.801,0.268,0.778,0.268,0.241,0.254,0.231,0.056,0.209,0.521,"svm"
"272","70_7","nuc_6mer","PB1",0.029,0.751,0.127,0.734,0.768,0.769,0.983,0,0.246,0.178,0.924,0.414,0.789,0.414,0.178,0.249,0.231,0.041,0.1,0.551,"svm"
"273","70_7","prot_2mer","PB1",0.022,0.817,0.58,0.802,0.832,0.769,0,0,0.931,0.926,0.785,0.564,0.972,0.564,0.926,0.701,0.231,0.214,0.38,0.855,"svm"
"274","70_7","prot_ctdc","PB1",0.038,0.887,0.663,0.874,0.898,0.769,0,0,0.686,0.678,0.949,0.801,0.907,0.801,0.678,0.734,0.231,0.157,0.196,0.814,"svm"
"275","70_7","prot_ctdd","PB1",0.029,0.846,0.606,0.831,0.859,0.769,0,0,0.917,0.811,0.856,0.629,0.938,0.629,0.811,0.709,0.231,0.188,0.298,0.833,"svm"
"276","70_7","prot_ctdt","PB1",0.038,0.9,0.692,0.888,0.911,0.769,0,0,0.667,0.663,0.971,0.872,0.905,0.872,0.663,0.754,0.231,0.154,0.176,0.817,"svm"
"277","70_7","prot_ctriad","PB1",0.026,0.859,0.644,0.845,0.872,0.769,0,0,0.944,0.858,0.86,0.648,0.952,0.648,0.858,0.738,0.231,0.199,0.306,0.859,"svm"
"278","70_7","prot_pseaac","PB1",0.026,0.709,0.337,0.691,0.726,0.769,1,0,0.719,0.707,0.71,0.423,0.889,0.423,0.707,0.529,0.231,0.164,0.387,0.708,"svm"
"279","70_7","cds_compbias","PB2",0.013,0.608,0.168,0.589,0.627,0.769,1,0,0.638,0.617,0.606,0.32,0.84,0.32,0.617,0.421,0.231,0.143,0.446,0.611,"svm"
"280","70_7","nuc_2mer","PB2",0.014,0.53,-0.02,0.511,0.549,0.769,1,0,0.514,0.406,0.568,0.221,0.76,0.221,0.406,0.286,0.231,0.094,0.426,0.487,"svm"
"281","70_7","nuc_3mer","PB2",0.018,0.575,0.059,0.556,0.594,0.769,1,0,0.529,0.468,0.607,0.264,0.791,0.264,0.468,0.337,0.231,0.108,0.41,0.537,"svm"
"282","70_7","nuc_4mer","PB2",0.021,0.744,0.248,0.727,0.761,0.769,0.999,0.004,0.513,0.385,0.852,0.44,0.822,0.44,0.385,0.411,0.231,0.089,0.203,0.619,"svm"
"283","70_7","nuc_5mer","PB2",0.016,0.707,0.303,0.689,0.724,0.769,1,0,0.705,0.626,0.731,0.413,0.867,0.413,0.626,0.497,0.231,0.145,0.351,0.679,"svm"
"284","70_7","nuc_6mer","PB2",0.031,0.796,0.216,0.78,0.811,0.769,0,0,0.234,0.175,0.983,0.755,0.798,0.755,0.175,0.284,0.231,0.04,0.054,0.579,"svm"
"285","70_7","prot_2mer","PB2",0.018,0.847,0.624,0.833,0.86,0.769,0,0,0.907,0.875,0.838,0.62,0.957,0.62,0.875,0.726,0.231,0.203,0.327,0.857,"svm"
"286","70_7","prot_ctdc","PB2",0.038,0.841,0.553,0.827,0.855,0.769,0,0.884,0.767,0.654,0.898,0.658,0.896,0.658,0.654,0.656,0.231,0.151,0.23,0.776,"svm"
"287","70_7","prot_ctdd","PB2",0.028,0.866,0.655,0.852,0.879,0.769,0,0,0.918,0.841,0.873,0.667,0.948,0.667,0.841,0.744,0.231,0.195,0.292,0.857,"svm"
"288","70_7","prot_ctdt","PB2",0.031,0.828,0.519,0.814,0.843,0.769,0,0.889,0.74,0.633,0.887,0.629,0.889,0.629,0.633,0.631,0.231,0.146,0.233,0.76,"svm"
"289","70_7","prot_ctriad","PB2",0.025,0.864,0.659,0.85,0.877,0.769,0,0,0.921,0.879,0.86,0.653,0.959,0.653,0.879,0.749,0.231,0.203,0.311,0.869,"svm"
"290","70_7","prot_pseaac","PB2",0.018,0.796,0.502,0.78,0.811,0.769,0,0,0.827,0.775,0.802,0.541,0.922,0.541,0.775,0.637,0.231,0.179,0.331,0.789,"svm"
"291","70_7","cds_compbias","HA",0,0.791,0.511,0.775,0.806,0.769,0.003,0,0.866,0.835,0.778,0.531,0.94,0.531,0.835,0.649,0.231,0.193,0.364,0.806,"xgb"
"292","70_7","nuc_2mer","HA",0,0.564,-0.017,0.545,0.583,0.769,1,0,0.453,0.351,0.629,0.222,0.763,0.222,0.351,0.272,0.231,0.081,0.367,0.49,"xgb"
"293","70_7","nuc_3mer","HA",0,0.61,0.185,0.591,0.629,0.769,1,0,0.646,0.652,0.597,0.328,0.851,0.328,0.652,0.436,0.231,0.151,0.46,0.625,"xgb"
"294","70_7","nuc_4mer","HA",0,0.769,0.488,0.753,0.785,0.769,0.474,0,0.843,0.882,0.735,0.501,0.954,0.501,0.882,0.639,0.231,0.204,0.407,0.809,"xgb"
"295","70_7","nuc_5mer","HA",0,0.561,0.2,0.542,0.58,0.769,1,0,0.649,0.827,0.481,0.324,0.902,0.324,0.827,0.466,0.231,0.191,0.59,0.654,"xgb"
"296","70_7","nuc_6mer","HA",0,0.417,-0.058,0.398,0.436,0.769,1,0,0.434,0.526,0.384,0.205,0.729,0.205,0.526,0.295,0.231,0.122,0.595,0.455,"xgb"
"297","70_7","prot_2mer","HA",0,0.879,0.68,0.866,0.891,0.769,0,0,0.871,0.83,0.894,0.702,0.946,0.702,0.83,0.761,0.231,0.192,0.274,0.862,"xgb"
"298","70_7","prot_ctdc","HA",0,0.842,0.603,0.828,0.856,0.769,0,0,0.91,0.828,0.846,0.618,0.942,0.618,0.828,0.708,0.231,0.192,0.31,0.837,"xgb"
"299","70_7","prot_ctdd","HA",0,0.44,-0.034,0.421,0.459,0.769,1,0,0.483,0.537,0.411,0.215,0.747,0.215,0.537,0.308,0.231,0.124,0.577,0.474,"xgb"
"300","70_7","prot_ctdt","HA",0,0.752,0.346,0.735,0.768,0.769,0.981,0,0.654,0.56,0.809,0.469,0.859,0.469,0.56,0.511,0.231,0.13,0.276,0.685,"xgb"
"301","70_7","prot_ctriad","HA",0,0.852,0.637,0.838,0.865,0.769,0,0,0.905,0.892,0.84,0.626,0.963,0.626,0.892,0.736,0.231,0.206,0.33,0.866,"xgb"
"302","70_7","prot_pseaac","HA",0,0.789,0.467,0.773,0.804,0.769,0.007,0,0.788,0.706,0.814,0.533,0.902,0.533,0.706,0.607,0.231,0.163,0.306,0.76,"xgb"
"303","70_7","cds_compbias","M1",0,0.665,0.27,0.647,0.683,0.769,1,0,0.716,0.693,0.656,0.378,0.876,0.378,0.693,0.489,0.231,0.16,0.424,0.674,"xgb"
"304","70_7","nuc_2mer","M1",0,0.706,0.282,0.689,0.724,0.769,1,0,0.7,0.579,0.745,0.406,0.855,0.406,0.579,0.477,0.231,0.134,0.33,0.662,"xgb"
"305","70_7","nuc_3mer","M1",0,0.834,0.567,0.82,0.848,0.769,0,0,0.901,0.749,0.86,0.617,0.919,0.617,0.749,0.677,0.231,0.173,0.281,0.805,"xgb"
"306","70_7","nuc_4mer","M1",0,0.87,0.678,0.857,0.883,0.769,0,0,0.945,0.909,0.859,0.66,0.969,0.66,0.909,0.765,0.231,0.21,0.319,0.884,"xgb"
"307","70_7","nuc_5mer","M1",0,0.805,0.504,0.789,0.82,0.769,0,0,0.78,0.73,0.827,0.56,0.91,0.56,0.73,0.634,0.231,0.169,0.301,0.779,"xgb"
"308","70_7","nuc_6mer","M1",0,0.861,0.628,0.847,0.874,0.769,0,0,0.873,0.772,0.888,0.675,0.928,0.675,0.772,0.72,0.231,0.179,0.265,0.83,"xgb"
"309","70_7","prot_2mer","M1",0.02,0.924,0.762,0.913,0.933,0.769,0,0,0.704,0.693,0.993,0.968,0.915,0.968,0.693,0.808,0.231,0.16,0.166,0.843,"xgb"
"310","70_7","prot_ctdc","M1",0.021,0.925,0.762,0.914,0.934,0.769,0,0,0.714,0.678,0.999,0.995,0.912,0.995,0.678,0.807,0.231,0.157,0.158,0.839,"xgb"
"311","70_7","prot_ctdd","M1",0.022,0.923,0.757,0.912,0.933,0.769,0,0,0.709,0.672,0.999,0.995,0.91,0.995,0.672,0.802,0.231,0.155,0.156,0.835,"xgb"
"312","70_7","prot_ctdt","M1",0.037,0.921,0.749,0.91,0.931,0.769,0,0,0.692,0.663,0.999,0.993,0.908,0.993,0.663,0.795,0.231,0.154,0.155,0.831,"xgb"
"313","70_7","prot_ctriad","M1",0.02,0.928,0.779,0.918,0.938,0.769,0,0,0.744,0.72,0.991,0.959,0.922,0.959,0.72,0.823,0.231,0.167,0.174,0.855,"xgb"
"314","70_7","prot_pseaac","M1",0.029,0.912,0.716,0.901,0.923,0.769,0,0,0.696,0.623,1,0.997,0.898,0.997,0.623,0.767,0.231,0.144,0.145,0.811,"xgb"
"315","70_7","cds_compbias","NA",0,0.306,-0.019,0.289,0.324,0.769,1,0,0.222,0.807,0.155,0.224,0.728,0.224,0.807,0.35,0.231,0.187,0.836,0.481,"xgb"
"316","70_7","nuc_2mer","NA",0,0.422,0.051,0.403,0.441,0.769,1,0,0.409,0.77,0.317,0.253,0.821,0.253,0.77,0.381,0.231,0.178,0.703,0.543,"xgb"
"317","70_7","nuc_3mer","NA",0,0.301,-0.124,0.284,0.319,0.769,1,0,0.243,0.56,0.223,0.178,0.627,0.178,0.56,0.271,0.231,0.13,0.727,0.392,"xgb"
"318","70_7","nuc_4mer","NA",0,0.639,0.256,0.621,0.658,0.769,1,0,0.662,0.739,0.609,0.363,0.886,0.363,0.739,0.487,0.231,0.171,0.472,0.674,"xgb"
"319","70_7","nuc_5mer","NA",0,0.474,0.097,0.455,0.493,0.769,1,0,0.448,0.775,0.383,0.274,0.85,0.274,0.775,0.405,0.231,0.179,0.654,0.579,"xgb"
"320","70_7","nuc_6mer","NA",0,0.813,0.537,0.798,0.828,0.769,0,0,0.763,0.788,0.821,0.57,0.928,0.57,0.788,0.661,0.231,0.182,0.32,0.804,"xgb"
"321","70_7","prot_2mer","NA",0,0.634,-0.01,0.616,0.653,0.769,1,0.353,0.239,0.235,0.755,0.224,0.766,0.224,0.235,0.229,0.231,0.054,0.243,0.495,"xgb"
"322","70_7","prot_ctdc","NA",0,0.633,0.28,0.614,0.651,0.769,1,0,0.655,0.827,0.575,0.369,0.917,0.369,0.827,0.51,0.231,0.191,0.518,0.701,"xgb"
"323","70_7","prot_ctdd","NA",0,0.523,-0.067,0.504,0.542,0.769,1,0,0.337,0.337,0.579,0.194,0.743,0.194,0.337,0.246,0.231,0.078,0.401,0.458,"xgb"
"324","70_7","prot_ctdt","NA",0,0.69,0.325,0.672,0.707,0.769,1,0,0.736,0.748,0.672,0.407,0.898,0.407,0.748,0.527,0.231,0.173,0.425,0.71,"xgb"
"325","70_7","prot_ctriad","NA",0.001,0.666,-0.049,0.647,0.683,0.769,1,0,0.183,0.129,0.827,0.184,0.759,0.184,0.129,0.152,0.231,0.03,0.163,0.478,"xgb"
"326","70_7","prot_pseaac","NA",0,0.34,-0.027,0.322,0.358,0.769,1,0,0.304,0.73,0.222,0.22,0.732,0.22,0.73,0.338,0.231,0.169,0.767,0.476,"xgb"
"327","70_7","cds_compbias","NP",0,0.822,0.555,0.807,0.837,0.769,0,0,0.888,0.79,0.832,0.587,0.929,0.587,0.79,0.673,0.231,0.183,0.312,0.811,"xgb"
"328","70_7","nuc_2mer","NP",0,0.724,0.301,0.706,0.74,0.769,1,0,0.637,0.561,0.772,0.426,0.854,0.426,0.561,0.485,0.231,0.13,0.305,0.667,"xgb"
"329","70_7","nuc_3mer","NP",0,0.717,0.38,0.699,0.734,0.769,1,0,0.787,0.794,0.693,0.438,0.918,0.438,0.794,0.565,0.231,0.184,0.419,0.744,"xgb"
"330","70_7","nuc_4mer","NP",0,0.713,0.385,0.695,0.73,0.769,1,0,0.815,0.828,0.678,0.436,0.929,0.436,0.828,0.572,0.231,0.192,0.439,0.753,"xgb"
"331","70_7","nuc_5mer","NP",0,0.888,0.697,0.875,0.899,0.769,0,0,0.862,0.817,0.909,0.73,0.943,0.73,0.817,0.771,0.231,0.189,0.259,0.863,"xgb"
"332","70_7","nuc_6mer","NP",0,0.823,0.579,0.808,0.837,0.769,0,0,0.903,0.877,0.807,0.577,0.956,0.577,0.877,0.696,0.231,0.203,0.352,0.842,"xgb"
"333","70_7","prot_2mer","NP",0.001,0.717,0.311,0.699,0.734,0.769,1,0,0.64,0.61,0.749,0.423,0.864,0.423,0.61,0.499,0.231,0.141,0.334,0.68,"xgb"
"334","70_7","prot_ctdc","NP",0,0.821,0.541,0.806,0.835,0.769,0,0,0.829,0.751,0.842,0.589,0.918,0.589,0.751,0.66,0.231,0.174,0.295,0.796,"xgb"
"335","70_7","prot_ctdd","NP",0,0.821,0.533,0.806,0.835,0.769,0,0,0.771,0.727,0.849,0.592,0.912,0.592,0.727,0.652,0.231,0.168,0.284,0.788,"xgb"
"336","70_7","prot_ctdt","NP",0,0.758,0.427,0.742,0.775,0.769,0.896,0,0.734,0.743,0.763,0.486,0.908,0.486,0.743,0.587,0.231,0.172,0.354,0.753,"xgb"
"337","70_7","prot_ctriad","NP",0,0.452,0.009,0.433,0.471,0.769,1,0,0.393,0.61,0.404,0.236,0.775,0.236,0.61,0.34,0.231,0.141,0.599,0.507,"xgb"
"338","70_7","prot_pseaac","NP",0,0.887,0.717,0.875,0.899,0.769,0,0,0.945,0.929,0.875,0.691,0.976,0.691,0.929,0.792,0.231,0.215,0.311,0.902,"xgb"
"339","70_7","cds_compbias","NS1",0,0.763,0.424,0.746,0.779,0.769,0.762,0,0.802,0.712,0.778,0.492,0.9,0.492,0.712,0.582,0.231,0.165,0.335,0.745,"xgb"
"340","70_7","nuc_2mer","NS1",0,0.734,0.389,0.717,0.751,0.769,1,0,0.792,0.744,0.731,0.455,0.905,0.455,0.744,0.564,0.231,0.172,0.379,0.738,"xgb"
"341","70_7","nuc_3mer","NS1",0,0.736,0.362,0.718,0.752,0.769,1,0,0.749,0.665,0.757,0.452,0.882,0.452,0.665,0.538,0.231,0.154,0.341,0.711,"xgb"
"342","70_7","nuc_4mer","NS1",0,0.684,0.311,0.666,0.702,0.769,1,0,0.756,0.73,0.671,0.4,0.892,0.4,0.73,0.517,0.231,0.169,0.422,0.7,"xgb"
"343","70_7","nuc_5mer","NS1",0,0.857,0.639,0.843,0.87,0.769,0,0,0.929,0.856,0.857,0.643,0.952,0.643,0.856,0.734,0.231,0.198,0.308,0.856,"xgb"
"344","70_7","nuc_6mer","NS1",0,0.773,0.445,0.757,0.789,0.769,0.284,0,0.759,0.722,0.789,0.507,0.904,0.507,0.722,0.596,0.231,0.167,0.329,0.755,"xgb"
"345","70_7","prot_2mer","NS1",0.001,0.86,0.62,0.846,0.873,0.769,0,0.001,0.769,0.749,0.893,0.679,0.922,0.679,0.749,0.712,0.231,0.173,0.255,0.821,"xgb"
"346","70_7","prot_ctdc","NS1",0,0.851,0.634,0.836,0.864,0.769,0,0,0.931,0.888,0.839,0.625,0.961,0.625,0.888,0.733,0.231,0.206,0.329,0.864,"xgb"
"347","70_7","prot_ctdd","NS1",0,0.87,0.67,0.856,0.882,0.769,0,0,0.949,0.874,0.868,0.667,0.958,0.667,0.874,0.756,0.231,0.202,0.303,0.871,"xgb"
"348","70_7","prot_ctdt","NS1",0,0.843,0.621,0.828,0.856,0.769,0,0,0.933,0.896,0.827,0.609,0.964,0.609,0.896,0.725,0.231,0.207,0.341,0.861,"xgb"
"349","70_7","prot_ctriad","NS1",0.027,0.83,0.429,0.815,0.844,0.769,0,0,0.629,0.4,0.96,0.748,0.841,0.748,0.4,0.521,0.231,0.093,0.124,0.68,"xgb"
"350","70_7","prot_pseaac","NS1",0,0.708,0.318,0.691,0.725,0.769,1,0,0.763,0.659,0.723,0.417,0.876,0.417,0.659,0.511,0.231,0.152,0.365,0.691,"xgb"
"351","70_7","cds_compbias","PA",0,0.751,0.478,0.734,0.767,0.769,0.985,0,0.837,0.95,0.691,0.481,0.979,0.481,0.95,0.638,0.231,0.22,0.457,0.82,"xgb"
"352","70_7","nuc_2mer","PA",0,0.665,0.304,0.647,0.683,0.769,1,0,0.726,0.783,0.629,0.389,0.906,0.389,0.783,0.52,0.231,0.181,0.466,0.706,"xgb"
"353","70_7","nuc_3mer","PA",0,0.49,-0.007,0.471,0.509,0.769,1,0,0.477,0.505,0.486,0.228,0.765,0.228,0.505,0.314,0.231,0.117,0.512,0.495,"xgb"
"354","70_7","nuc_4mer","PA",0,0.541,-0.022,0.522,0.56,0.769,1,0,0.481,0.385,0.588,0.22,0.76,0.22,0.385,0.28,0.231,0.089,0.406,0.486,"xgb"
"355","70_7","nuc_5mer","PA",0,0.699,0.314,0.681,0.716,0.769,1,0,0.663,0.684,0.703,0.409,0.881,0.409,0.684,0.512,0.231,0.158,0.387,0.694,"xgb"
"356","70_7","nuc_6mer","PA",0,0.738,0.396,0.721,0.754,0.769,1,0,0.773,0.748,0.735,0.459,0.906,0.459,0.748,0.569,0.231,0.173,0.377,0.741,"xgb"
"357","70_7","prot_2mer","PA",0,0.67,0.312,0.651,0.687,0.769,1,0,0.712,0.788,0.634,0.393,0.909,0.393,0.788,0.525,0.231,0.182,0.464,0.711,"xgb"
"358","70_7","prot_ctdc","PA",0,0.422,0.034,0.404,0.441,0.769,1,0,0.474,0.725,0.331,0.246,0.8,0.246,0.725,0.368,0.231,0.168,0.682,0.528,"xgb"
"359","70_7","prot_ctdd","PA",0,0.634,0.239,0.616,0.653,0.769,1,0,0.656,0.71,0.612,0.355,0.875,0.355,0.71,0.474,0.231,0.164,0.463,0.661,"xgb"
"360","70_7","prot_ctdt","PA",0,0.442,0.087,0.423,0.461,0.769,1,0,0.5,0.82,0.328,0.269,0.859,0.269,0.82,0.405,0.231,0.19,0.706,0.574,"xgb"
"361","70_7","prot_ctriad","PA",0,0.829,0.574,0.814,0.843,0.769,0,0,0.864,0.814,0.833,0.595,0.937,0.595,0.814,0.688,0.231,0.188,0.316,0.824,"xgb"
"362","70_7","prot_pseaac","PA",0,0.804,0.532,0.789,0.819,0.769,0,0,0.844,0.83,0.796,0.551,0.94,0.551,0.83,0.662,0.231,0.192,0.349,0.813,"xgb"
"363","70_7","cds_compbias","PB1",0,0.691,0.276,0.673,0.709,0.769,1,0,0.7,0.618,0.713,0.393,0.861,0.393,0.618,0.481,0.231,0.143,0.364,0.666,"xgb"
"364","70_7","nuc_2mer","PB1",0,0.681,0.286,0.662,0.698,0.769,1,0,0.724,0.678,0.681,0.39,0.875,0.39,0.678,0.496,0.231,0.157,0.402,0.68,"xgb"
"365","70_7","nuc_3mer","PB1",0,0.851,0.601,0.836,0.864,0.769,0,0,0.873,0.751,0.881,0.654,0.921,0.654,0.751,0.699,0.231,0.174,0.266,0.816,"xgb"
"366","70_7","nuc_4mer","PB1",0,0.758,0.441,0.741,0.774,0.769,0.912,0,0.836,0.79,0.748,0.486,0.922,0.486,0.79,0.601,0.231,0.183,0.376,0.769,"xgb"
"367","70_7","nuc_5mer","PB1",0,0.844,0.617,0.829,0.857,0.769,0,0,0.936,0.874,0.835,0.614,0.956,0.614,0.874,0.721,0.231,0.202,0.329,0.854,"xgb"
"368","70_7","nuc_6mer","PB1",0,0.826,0.558,0.811,0.84,0.769,0,0,0.885,0.777,0.841,0.596,0.926,0.596,0.777,0.674,0.231,0.18,0.302,0.809,"xgb"
"369","70_7","prot_2mer","PB1",0,0.746,0.406,0.729,0.762,0.769,0.997,0,0.822,0.743,0.747,0.469,0.906,0.469,0.743,0.575,0.231,0.172,0.367,0.745,"xgb"
"370","70_7","prot_ctdc","PB1",0,0.87,0.673,0.857,0.883,0.769,0,0,0.928,0.888,0.865,0.664,0.963,0.664,0.888,0.76,0.231,0.206,0.31,0.876,"xgb"
"371","70_7","prot_ctdd","PB1",0,0.82,0.556,0.805,0.834,0.769,0,0,0.877,0.812,0.822,0.579,0.936,0.579,0.812,0.676,0.231,0.188,0.325,0.817,"xgb"
"372","70_7","prot_ctdt","PB1",0,0.827,0.543,0.812,0.841,0.769,0,0,0.819,0.718,0.86,0.607,0.91,0.607,0.718,0.658,0.231,0.166,0.274,0.789,"xgb"
"373","70_7","prot_ctriad","PB1",0,0.882,0.695,0.869,0.894,0.769,0,0,0.896,0.872,0.885,0.695,0.958,0.695,0.872,0.774,0.231,0.202,0.29,0.879,"xgb"
"374","70_7","prot_pseaac","PB1",0,0.845,0.606,0.831,0.858,0.769,0,0,0.891,0.816,0.854,0.627,0.939,0.627,0.816,0.709,0.231,0.189,0.301,0.835,"xgb"
"375","70_7","cds_compbias","PB2",0,0.881,0.7,0.868,0.893,0.769,0,0,0.955,0.908,0.873,0.682,0.969,0.682,0.908,0.779,0.231,0.21,0.308,0.89,"xgb"
"376","70_7","nuc_2mer","PB2",0,0.672,0.272,0.654,0.69,0.769,1,0,0.726,0.673,0.672,0.382,0.872,0.382,0.673,0.487,0.231,0.156,0.408,0.672,"xgb"
"377","70_7","nuc_3mer","PB2",0,0.741,0.436,0.724,0.757,0.769,1,0,0.835,0.856,0.706,0.467,0.942,0.467,0.856,0.605,0.231,0.198,0.424,0.781,"xgb"
"378","70_7","nuc_4mer","PB2",0,0.728,0.355,0.711,0.745,0.769,1,0,0.762,0.675,0.745,0.443,0.884,0.443,0.675,0.535,0.231,0.156,0.352,0.71,"xgb"
"379","70_7","nuc_5mer","PB2",0,0.854,0.642,0.84,0.867,0.769,0,0,0.934,0.896,0.841,0.63,0.964,0.63,0.896,0.74,0.231,0.207,0.33,0.869,"xgb"
"380","70_7","nuc_6mer","PB2",0,0.829,0.57,0.814,0.843,0.769,0,0,0.89,0.799,0.838,0.597,0.933,0.597,0.799,0.684,0.231,0.185,0.31,0.819,"xgb"
"381","70_7","prot_2mer","PB2",0,0.875,0.664,0.862,0.888,0.769,0,0,0.895,0.794,0.9,0.704,0.936,0.704,0.794,0.747,0.231,0.184,0.261,0.847,"xgb"
"382","70_7","prot_ctdc","PB2",0,0.726,0.385,0.709,0.743,0.769,1,0,0.778,0.767,0.714,0.447,0.911,0.447,0.767,0.565,0.231,0.178,0.397,0.74,"xgb"
"383","70_7","prot_ctdd","PB2",0,0.816,0.534,0.801,0.831,0.769,0,0,0.852,0.757,0.834,0.579,0.919,0.579,0.757,0.656,0.231,0.175,0.303,0.796,"xgb"
"384","70_7","prot_ctdt","PB2",0,0.87,0.662,0.856,0.882,0.769,0,0,0.909,0.837,0.88,0.677,0.947,0.677,0.837,0.748,0.231,0.194,0.286,0.858,"xgb"
"385","70_7","prot_ctriad","PB2",0,0.864,0.641,0.85,0.877,0.769,0,0,0.896,0.798,0.884,0.674,0.936,0.674,0.798,0.731,0.231,0.185,0.274,0.841,"xgb"
"386","70_7","prot_pseaac","PB2",0,0.888,0.715,0.875,0.899,0.769,0,0,0.956,0.909,0.881,0.697,0.97,0.697,0.909,0.789,0.231,0.21,0.302,0.895,"xgb"
"387","70_7","cds_compbias","HA",0.019,0.693,0.357,0.675,0.71,0.769,1,0,0.804,0.828,0.652,0.417,0.927,0.417,0.828,0.555,0.231,0.192,0.46,0.74,"glmnet"
"388","70_7","nuc_2mer","HA",0.172,0.81,0.537,0.795,0.825,0.769,0,0,0.872,0.809,0.81,0.562,0.934,0.562,0.809,0.664,0.231,0.187,0.333,0.81,"glmnet"
"389","70_7","nuc_3mer","HA",0.211,0.916,0.778,0.905,0.926,0.769,0,0,0.952,0.916,0.916,0.766,0.973,0.766,0.916,0.834,0.231,0.212,0.277,0.916,"glmnet"
"390","70_7","nuc_4mer","HA",0,0.552,0.15,0.533,0.571,0.769,1,0,0.624,0.722,0.5,0.303,0.857,0.303,0.722,0.427,0.231,0.167,0.551,0.611,"glmnet"
"391","70_7","nuc_5mer","HA",0.001,0.887,0.712,0.874,0.899,0.769,0,0,0.939,0.906,0.881,0.697,0.969,0.697,0.906,0.788,0.231,0.21,0.301,0.894,"glmnet"
"392","70_7","nuc_6mer","HA",0.011,0.833,0.583,0.819,0.847,0.769,0,0,0.861,0.817,0.838,0.603,0.938,0.603,0.817,0.694,0.231,0.189,0.313,0.828,"glmnet"
"393","70_7","prot_2mer","HA",0.002,0.64,0.244,0.622,0.658,0.769,1,0,0.677,0.706,0.62,0.359,0.875,0.359,0.706,0.476,0.231,0.163,0.455,0.663,"glmnet"
"394","70_7","prot_ctdc","HA",0.179,0.825,0.543,0.81,0.839,0.769,0,0,0.838,0.731,0.853,0.599,0.913,0.599,0.731,0.659,0.231,0.169,0.282,0.792,"glmnet"
"395","70_7","prot_ctdd","HA",0,0.875,0.69,0.862,0.887,0.769,0,0,0.951,0.924,0.86,0.666,0.974,0.666,0.924,0.774,0.231,0.214,0.321,0.892,"glmnet"
"396","70_7","prot_ctdt","HA",0.498,0.863,0.591,0.849,0.876,0.769,0,0,0.669,0.62,0.936,0.745,0.891,0.745,0.62,0.677,0.231,0.143,0.193,0.778,"glmnet"
"397","70_7","prot_ctriad","HA",0.007,0.942,0.845,0.933,0.951,0.769,0,0,0.959,0.939,0.943,0.833,0.981,0.833,0.939,0.883,0.231,0.217,0.261,0.941,"glmnet"
"398","70_7","prot_pseaac","HA",0.11,0.7,0.355,0.683,0.718,0.769,1,0,0.757,0.791,0.673,0.422,0.915,0.422,0.791,0.55,0.231,0.183,0.434,0.732,"glmnet"
"399","70_7","cds_compbias","M1",0.105,0.899,0.709,0.887,0.91,0.769,0,0.007,0.772,0.746,0.945,0.805,0.925,0.805,0.746,0.774,0.231,0.173,0.215,0.846,"glmnet"
"400","70_7","nuc_2mer","M1",0.151,0.875,0.68,0.862,0.888,0.769,0,0,0.92,0.869,0.877,0.681,0.957,0.681,0.869,0.763,0.231,0.201,0.296,0.873,"glmnet"
"401","70_7","nuc_3mer","M1",0.227,0.915,0.753,0.904,0.926,0.769,0,0,0.85,0.764,0.961,0.855,0.931,0.855,0.764,0.807,0.231,0.177,0.207,0.862,"glmnet"
"402","70_7","nuc_4mer","M1",0.003,0.758,0.412,0.741,0.774,0.769,0.912,0,0.775,0.702,0.774,0.484,0.896,0.484,0.702,0.573,0.231,0.163,0.336,0.738,"glmnet"
"403","70_7","nuc_5mer","M1",0.002,0.764,0.427,0.747,0.78,0.769,0.718,0,0.781,0.717,0.778,0.493,0.901,0.493,0.717,0.584,0.231,0.166,0.336,0.748,"glmnet"
"404","70_7","nuc_6mer","M1",0.007,0.656,0.268,0.638,0.674,0.769,1,0,0.724,0.715,0.638,0.373,0.882,0.373,0.715,0.491,0.231,0.166,0.443,0.677,"glmnet"
"405","70_7","prot_2mer","M1",0.022,0.912,0.759,0.901,0.922,0.769,0,0.003,0.856,0.848,0.931,0.788,0.953,0.788,0.848,0.817,0.231,0.196,0.249,0.89,"glmnet"
"406","70_7","prot_ctdc","M1",0.17,0.85,0.613,0.836,0.863,0.769,0,0,0.906,0.806,0.863,0.639,0.937,0.639,0.806,0.713,0.231,0.187,0.292,0.834,"glmnet"
"407","70_7","prot_ctdd","M1",0.027,0.919,0.754,0.908,0.929,0.769,0,0,0.738,0.72,0.979,0.91,0.921,0.91,0.72,0.804,0.231,0.167,0.183,0.849,"glmnet"
"408","70_7","prot_ctdt","M1",0.042,0.935,0.814,0.925,0.944,0.769,0,0.01,0.858,0.832,0.966,0.882,0.95,0.882,0.832,0.856,0.231,0.193,0.218,0.899,"glmnet"
"409","70_7","prot_ctriad","M1",0.029,0.947,0.843,0.938,0.955,0.769,0,0,0.822,0.817,0.986,0.946,0.947,0.946,0.817,0.877,0.231,0.189,0.2,0.902,"glmnet"
"410","70_7","prot_pseaac","M1",0.052,0.883,0.694,0.87,0.895,0.769,0,0,0.916,0.854,0.892,0.704,0.953,0.704,0.854,0.772,0.231,0.198,0.281,0.873,"glmnet"
"411","70_7","cds_compbias","NA",0.001,0.235,-0.026,0.219,0.252,0.769,1,0,0.1,0.916,0.03,0.221,0.544,0.221,0.916,0.357,0.231,0.212,0.957,0.473,"glmnet"
"412","70_7","nuc_2mer","NA",0.061,0.23,-0.042,0.214,0.246,0.769,1,0,0.074,0.879,0.035,0.215,0.486,0.215,0.879,0.346,0.231,0.203,0.945,0.457,"glmnet"
"413","70_7","nuc_3mer","NA",0.732,0.705,-0.1,0.688,0.722,0.769,1,0,0.027,0.01,0.915,0.033,0.754,0.033,0.01,0.015,0.231,0.002,0.068,0.462,"glmnet"
"414","70_7","nuc_4mer","NA",0,0.227,-0.014,0.211,0.243,0.769,1,0,0.048,0.966,0.004,0.226,0.3,0.226,0.966,0.366,0.231,0.224,0.989,0.485,"glmnet"
"415","70_7","nuc_5mer","NA",0,0.44,0.025,0.421,0.459,0.769,1,0,0.359,0.67,0.37,0.243,0.788,0.243,0.67,0.356,0.231,0.155,0.639,0.52,"glmnet"
"416","70_7","nuc_6mer","NA",0.001,0.317,-0.023,0.3,0.335,0.769,1,0,0.299,0.778,0.178,0.222,0.728,0.222,0.778,0.345,0.231,0.18,0.812,0.478,"glmnet"
"417","70_7","prot_2mer","NA",0.002,0.637,-0.095,0.619,0.656,0.769,1,0,0.185,0.118,0.794,0.147,0.749,0.147,0.118,0.131,0.231,0.027,0.186,0.456,"glmnet"
"418","70_7","prot_ctdc","NA",0.213,0.306,0.02,0.289,0.324,0.769,1,0,0.222,0.917,0.122,0.239,0.831,0.239,0.917,0.38,0.231,0.212,0.887,0.52,"glmnet"
"419","70_7","prot_ctdd","NA",0.496,0.754,-0.025,0.737,0.77,0.769,0.964,0,0.032,0.003,0.98,0.047,0.766,0.047,0.003,0.006,0.231,0.001,0.016,0.492,"glmnet"
"420","70_7","prot_ctdt","NA",0.075,0.864,0.664,0.851,0.877,0.769,0,0,0.868,0.9,0.854,0.65,0.966,0.65,0.9,0.754,0.231,0.208,0.321,0.877,"glmnet"
"421","70_7","prot_ctriad","NA",0.002,0.696,0.071,0.678,0.713,0.769,1,0,0.354,0.228,0.837,0.296,0.783,0.296,0.228,0.258,0.231,0.053,0.178,0.532,"glmnet"
"422","70_7","prot_pseaac","NA",0.096,0.376,0.05,0.358,0.395,0.769,1,0,0.263,0.864,0.229,0.252,0.848,0.252,0.864,0.391,0.231,0.2,0.793,0.547,"glmnet"
"423","70_7","cds_compbias","NP",0.022,0.834,0.583,0.819,0.848,0.769,0,0,0.897,0.811,0.841,0.606,0.937,0.606,0.811,0.693,0.231,0.188,0.31,0.826,"glmnet"
"424","70_7","nuc_2mer","NP",0.206,0.866,0.655,0.852,0.878,0.769,0,0,0.934,0.848,0.871,0.664,0.95,0.664,0.848,0.745,0.231,0.196,0.296,0.859,"glmnet"
"425","70_7","nuc_3mer","NP",0.028,0.834,0.607,0.82,0.848,0.769,0,0,0.915,0.906,0.813,0.593,0.966,0.593,0.906,0.717,0.231,0.21,0.354,0.86,"glmnet"
"426","70_7","nuc_4mer","NP",0.001,0.853,0.643,0.839,0.866,0.769,0,0,0.913,0.908,0.837,0.626,0.968,0.626,0.908,0.741,0.231,0.21,0.336,0.872,"glmnet"
"427","70_7","nuc_5mer","NP",0.01,0.889,0.715,0.876,0.9,0.769,0,0,0.927,0.898,0.886,0.703,0.967,0.703,0.898,0.789,0.231,0.208,0.296,0.892,"glmnet"
"428","70_7","nuc_6mer","NP",0.011,0.836,0.594,0.821,0.85,0.769,0,0,0.886,0.841,0.834,0.605,0.946,0.605,0.841,0.704,0.231,0.195,0.322,0.838,"glmnet"
"429","70_7","prot_2mer","NP",0.041,0.863,0.648,0.849,0.875,0.769,0,0,0.881,0.845,0.868,0.658,0.949,0.658,0.845,0.74,0.231,0.196,0.297,0.856,"glmnet"
"430","70_7","prot_ctdc","NP",0.215,0.904,0.72,0.892,0.915,0.769,0,0,0.847,0.741,0.953,0.827,0.924,0.827,0.741,0.782,0.231,0.172,0.207,0.847,"glmnet"
"431","70_7","prot_ctdd","NP",0.043,0.831,0.538,0.816,0.845,0.769,0,0.013,0.773,0.678,0.877,0.624,0.9,0.624,0.678,0.65,0.231,0.157,0.252,0.777,"glmnet"
"432","70_7","prot_ctdt","NP",0.099,0.916,0.779,0.905,0.927,0.769,0,0,0.959,0.909,0.919,0.771,0.971,0.771,0.909,0.834,0.231,0.21,0.273,0.914,"glmnet"
"433","70_7","prot_ctriad","NP",0.057,0.7,0.299,0.682,0.717,0.769,1,0,0.586,0.642,0.717,0.406,0.869,0.406,0.642,0.498,0.231,0.149,0.366,0.68,"glmnet"
"434","70_7","prot_pseaac","NP",0.229,0.921,0.766,0.91,0.931,0.769,0,0,0.88,0.761,0.969,0.88,0.931,0.88,0.761,0.816,0.231,0.176,0.2,0.865,"glmnet"
"435","70_7","cds_compbias","NS1",0.01,0.721,0.386,0.704,0.738,0.769,1,0,0.812,0.793,0.699,0.443,0.918,0.443,0.793,0.568,0.231,0.184,0.415,0.746,"glmnet"
"436","70_7","nuc_2mer","NS1",0.251,0.897,0.717,0.885,0.908,0.769,0,0.016,0.917,0.811,0.923,0.76,0.942,0.76,0.811,0.785,0.231,0.188,0.247,0.867,"glmnet"
"437","70_7","nuc_3mer","NS1",0.075,0.879,0.689,0.866,0.891,0.769,0,0,0.932,0.874,0.881,0.688,0.959,0.688,0.874,0.77,0.231,0.202,0.294,0.877,"glmnet"
"438","70_7","nuc_4mer","NS1",0.001,0.745,0.401,0.728,0.762,0.769,0.998,0,0.792,0.728,0.75,0.468,0.902,0.468,0.728,0.57,0.231,0.169,0.36,0.739,"glmnet"
"439","70_7","nuc_5mer","NS1",0.002,0.888,0.689,0.875,0.899,0.769,0,0.094,0.867,0.782,0.92,0.745,0.933,0.745,0.782,0.763,0.231,0.181,0.243,0.851,"glmnet"
"440","70_7","nuc_6mer","NS1",0.013,0.802,0.523,0.786,0.817,0.769,0,0,0.832,0.812,0.799,0.549,0.934,0.549,0.812,0.655,0.231,0.188,0.343,0.806,"glmnet"
"441","70_7","prot_2mer","NS1",0.005,0.887,0.68,0.875,0.899,0.769,0,0.3,0.82,0.741,0.931,0.765,0.923,0.765,0.741,0.753,0.231,0.172,0.224,0.836,"glmnet"
"442","70_7","prot_ctdc","NS1",0.213,0.838,0.6,0.823,0.852,0.769,0,0,0.876,0.848,0.835,0.607,0.948,0.607,0.848,0.708,0.231,0.196,0.323,0.841,"glmnet"
"443","70_7","prot_ctdd","NS1",0.021,0.817,0.517,0.802,0.832,0.769,0,0,0.806,0.696,0.854,0.589,0.903,0.589,0.696,0.638,0.231,0.161,0.273,0.775,"glmnet"
"444","70_7","prot_ctdt","NS1",0.306,0.893,0.688,0.88,0.904,0.769,0,0.001,0.796,0.723,0.943,0.794,0.919,0.794,0.723,0.757,0.231,0.167,0.211,0.833,"glmnet"
"445","70_7","prot_ctriad","NS1",0.021,0.857,0.583,0.843,0.87,0.769,0,0.003,0.808,0.642,0.921,0.71,0.895,0.71,0.642,0.675,0.231,0.149,0.209,0.782,"glmnet"
"446","70_7","prot_pseaac","NS1",0.236,0.849,0.608,0.835,0.862,0.769,0,0,0.792,0.791,0.866,0.641,0.932,0.641,0.791,0.708,0.231,0.183,0.286,0.829,"glmnet"
"447","70_7","cds_compbias","PA",0.03,0.715,0.365,0.697,0.732,0.769,1,0,0.75,0.759,0.702,0.434,0.906,0.434,0.759,0.552,0.231,0.176,0.405,0.73,"glmnet"
"448","70_7","nuc_2mer","PA",0.401,0.712,0.26,0.694,0.729,0.769,1,0,0.628,0.513,0.772,0.404,0.84,0.404,0.513,0.452,0.231,0.119,0.294,0.642,"glmnet"
"449","70_7","nuc_3mer","PA",0.06,0.681,0.32,0.663,0.699,0.769,1,0,0.704,0.767,0.655,0.401,0.903,0.401,0.767,0.527,0.231,0.178,0.443,0.711,"glmnet"
"450","70_7","nuc_4mer","PA",0,0.371,0.025,0.353,0.39,0.769,1,0,0.427,0.806,0.24,0.242,0.804,0.242,0.806,0.372,0.231,0.187,0.77,0.523,"glmnet"
"451","70_7","nuc_5mer","PA",0.002,0.6,0.212,0.581,0.619,0.769,1,0,0.682,0.746,0.556,0.336,0.879,0.336,0.746,0.463,0.231,0.173,0.514,0.651,"glmnet"
"452","70_7","nuc_6mer","PA",0.008,0.608,0.064,0.589,0.626,0.769,1,0,0.536,0.408,0.668,0.27,0.789,0.27,0.408,0.325,0.231,0.094,0.349,0.538,"glmnet"
"453","70_7","prot_2mer","PA",0.002,0.695,0.249,0.677,0.712,0.769,1,0,0.579,0.544,0.74,0.387,0.843,0.387,0.544,0.452,0.231,0.126,0.325,0.642,"glmnet"
"454","70_7","prot_ctdc","PA",0.302,0.906,0.732,0.894,0.917,0.769,0,0.13,0.861,0.777,0.945,0.809,0.934,0.809,0.777,0.793,0.231,0.18,0.222,0.861,"glmnet"
"455","70_7","prot_ctdd","PA",0.062,0.674,0.185,0.656,0.692,0.769,1,0,0.443,0.474,0.734,0.349,0.823,0.349,0.474,0.402,0.231,0.11,0.314,0.604,"glmnet"
"456","70_7","prot_ctdt","PA",0.142,0.676,0.059,0.658,0.694,0.769,1,0.057,0.428,0.254,0.803,0.28,0.781,0.28,0.254,0.266,0.231,0.059,0.21,0.529,"glmnet"
"457","70_7","prot_ctriad","PA",0.026,0.855,0.608,0.841,0.868,0.769,0,0,0.795,0.744,0.888,0.668,0.92,0.668,0.744,0.704,0.231,0.172,0.258,0.816,"glmnet"
"458","70_7","prot_pseaac","PA",0.168,0.884,0.692,0.871,0.896,0.769,0,0,0.898,0.835,0.899,0.713,0.948,0.713,0.835,0.769,0.231,0.193,0.271,0.867,"glmnet"
"459","70_7","cds_compbias","PB1",0.018,0.748,0.396,0.731,0.765,0.769,0.993,0,0.785,0.701,0.763,0.471,0.894,0.471,0.701,0.563,0.231,0.162,0.345,0.732,"glmnet"
"460","70_7","nuc_2mer","PB1",0.365,0.897,0.701,0.885,0.909,0.769,0,0,0.804,0.727,0.949,0.81,0.92,0.81,0.727,0.766,0.231,0.168,0.207,0.838,"glmnet"
"461","70_7","nuc_3mer","PB1",0.09,0.851,0.615,0.837,0.864,0.769,0,0,0.891,0.803,0.865,0.642,0.936,0.642,0.803,0.714,0.231,0.186,0.289,0.834,"glmnet"
"462","70_7","nuc_4mer","PB1",0.001,0.788,0.475,0.772,0.804,0.769,0.008,0,0.794,0.735,0.805,0.531,0.91,0.531,0.735,0.616,0.231,0.17,0.32,0.77,"glmnet"
"463","70_7","nuc_5mer","PB1",0.004,0.745,0.401,0.728,0.762,0.769,0.998,0,0.805,0.728,0.75,0.468,0.902,0.468,0.728,0.57,0.231,0.169,0.36,0.739,"glmnet"
"464","70_7","nuc_6mer","PB1",0.018,0.854,0.607,0.84,0.867,0.769,0,0,0.873,0.751,0.885,0.662,0.922,0.662,0.751,0.704,0.231,0.174,0.263,0.818,"glmnet"
"465","70_7","prot_2mer","PB1",0.008,0.683,0.32,0.665,0.7,0.769,1,0,0.701,0.759,0.66,0.402,0.901,0.402,0.759,0.525,0.231,0.176,0.437,0.709,"glmnet"
"466","70_7","prot_ctdc","PB1",0.436,0.78,0.442,0.764,0.795,0.769,0.087,0,0.743,0.681,0.809,0.518,0.894,0.518,0.681,0.589,0.231,0.158,0.304,0.745,"glmnet"
"467","70_7","prot_ctdd","PB1",0.081,0.935,0.829,0.925,0.944,0.769,0,0,0.971,0.951,0.93,0.804,0.985,0.804,0.951,0.872,0.231,0.22,0.274,0.941,"glmnet"
"468","70_7","prot_ctdt","PB1",0.129,0.903,0.738,0.891,0.914,0.769,0,0,0.95,0.853,0.918,0.757,0.954,0.757,0.853,0.802,0.231,0.197,0.261,0.885,"glmnet"
"469","70_7","prot_ctriad","PB1",0.065,0.899,0.734,0.887,0.91,0.769,0,0,0.937,0.879,0.905,0.736,0.961,0.736,0.879,0.801,0.231,0.203,0.276,0.892,"glmnet"
"470","70_7","prot_pseaac","PB1",0.254,0.899,0.745,0.887,0.91,0.769,0,0,0.945,0.943,0.886,0.714,0.981,0.714,0.943,0.813,0.231,0.218,0.306,0.915,"glmnet"
"471","70_7","cds_compbias","PB2",0.065,0.89,0.701,0.877,0.901,0.769,0,0,0.897,0.819,0.911,0.734,0.943,0.734,0.819,0.774,0.231,0.19,0.258,0.865,"glmnet"
"472","70_7","nuc_2mer","PB2",0.184,0.64,0.216,0.621,0.658,0.769,1,0,0.685,0.639,0.64,0.348,0.855,0.348,0.639,0.451,0.231,0.148,0.425,0.64,"glmnet"
"473","70_7","nuc_3mer","PB2",0.118,0.872,0.662,0.858,0.884,0.769,0,0,0.855,0.82,0.887,0.686,0.943,0.686,0.82,0.747,0.231,0.19,0.277,0.854,"glmnet"
"474","70_7","nuc_4mer","PB2",0.001,0.794,0.494,0.778,0.809,0.769,0.001,0,0.814,0.761,0.804,0.539,0.918,0.539,0.761,0.631,0.231,0.176,0.327,0.782,"glmnet"
"475","70_7","nuc_5mer","PB2",0.006,0.91,0.745,0.899,0.921,0.769,0,0.196,0.886,0.79,0.947,0.817,0.937,0.817,0.79,0.803,0.231,0.183,0.224,0.868,"glmnet"
"476","70_7","nuc_6mer","PB2",0.018,0.828,0.557,0.813,0.842,0.769,0,0,0.804,0.759,0.849,0.602,0.921,0.602,0.759,0.671,0.231,0.176,0.292,0.804,"glmnet"
"477","70_7","prot_2mer","PB2",0.132,0.944,0.841,0.934,0.952,0.769,0,0.568,0.907,0.872,0.965,0.884,0.962,0.884,0.872,0.878,0.231,0.202,0.228,0.919,"glmnet"
"478","70_7","prot_ctdc","PB2",0.415,0.881,0.672,0.868,0.893,0.769,0,0.064,0.808,0.77,0.914,0.73,0.93,0.73,0.77,0.75,0.231,0.178,0.244,0.842,"glmnet"
"479","70_7","prot_ctdd","PB2",0.063,0.863,0.628,0.849,0.876,0.769,0,0.001,0.856,0.756,0.895,0.685,0.924,0.685,0.756,0.718,0.231,0.175,0.255,0.825,"glmnet"
"480","70_7","prot_ctdt","PB2",0.18,0.853,0.625,0.839,0.866,0.769,0,0,0.855,0.83,0.86,0.64,0.944,0.64,0.83,0.723,0.231,0.192,0.3,0.845,"glmnet"
"481","70_7","prot_ctriad","PB2",0.146,0.874,0.628,0.861,0.887,0.769,0,0,0.778,0.659,0.939,0.765,0.901,0.765,0.659,0.708,0.231,0.152,0.199,0.799,"glmnet"
"482","70_7","prot_pseaac","PB2",0.245,0.878,0.674,0.864,0.89,0.769,0,0,0.851,0.814,0.897,0.703,0.941,0.703,0.814,0.755,0.231,0.188,0.268,0.855,"glmnet"
