"name","relGini","focgene"
"PAAC_Xc1.A",1,"HA"
"PAAC_Xc1.R",0.121662450204929,"HA"
"PAAC_Xc1.N",0.611629840611687,"HA"
"PAAC_Xc1.D",0.0453349614215987,"HA"
"PAAC_Xc1.C",0.0781668615582343,"HA"
"PAAC_Xc1.Q",0.193818864649747,"HA"
"PAAC_Xc1.E",0.0838154552445605,"HA"
"PAAC_Xc1.G",0.367551109322552,"HA"
"PAAC_Xc1.H",0.0778579720933804,"HA"
"PAAC_Xc1.I",0.010844845457219,"HA"
"PAAC_Xc1.L",0.0549783810169029,"HA"
"PAAC_Xc1.K",0.293288349955452,"HA"
"PAAC_Xc1.M",0.434210789363741,"HA"
"PAAC_Xc1.F",0,"HA"
"PAAC_Xc1.P",0.113827082129877,"HA"
"PAAC_Xc1.S",0.0260697756598359,"HA"
"PAAC_Xc1.T",0.462965046822837,"HA"
"PAAC_Xc1.W",0.44398686815738,"HA"
"PAAC_Xc1.Y",0.524280616339793,"HA"
"PAAC_Xc1.V",0.13716305580715,"HA"
"PAAC_Xc2.lambda1",0.071352957085541,"HA"
"PAAC_Xc2.lambda2",0.196125048989377,"HA"
"PAAC_Xc2.lambda3",0.0552143381587636,"HA"
"PAAC_Xc1.A",1,"HA"
"PAAC_Xc1.R",0.0875426888281312,"HA"
"PAAC_Xc1.N",0.574273756694018,"HA"
"PAAC_Xc1.D",0.0698883242443457,"HA"
"PAAC_Xc1.C",0.0928815785859273,"HA"
"PAAC_Xc1.Q",0.100350403990824,"HA"
"PAAC_Xc1.E",0.153276054231288,"HA"
"PAAC_Xc1.G",0.367787930157385,"HA"
"PAAC_Xc1.H",0.090650570227959,"HA"
"PAAC_Xc1.I",0,"HA"
"PAAC_Xc1.L",0.0403415838266475,"HA"
"PAAC_Xc1.K",0.300494861813849,"HA"
"PAAC_Xc1.M",0.453381414719897,"HA"
"PAAC_Xc1.F",0.0325009204330715,"HA"
"PAAC_Xc1.P",0.0815608813016051,"HA"
"PAAC_Xc1.S",0.0155378002982796,"HA"
"PAAC_Xc1.T",0.460507180491366,"HA"
"PAAC_Xc1.W",0.514593470089444,"HA"
"PAAC_Xc1.Y",0.618059321443185,"HA"
"PAAC_Xc1.V",0.124863237946376,"HA"
"PAAC_Xc2.lambda1",0.0327468622960784,"HA"
"PAAC_Xc2.lambda2",0.167103345567229,"HA"
"PAAC_Xc2.lambda3",0.0529933877208904,"HA"
"PAAC_Xc1.A",1,"HA"
"PAAC_Xc1.R",0.128116025663745,"HA"
"PAAC_Xc1.N",0.528865945314282,"HA"
"PAAC_Xc1.D",0.0149265087603981,"HA"
"PAAC_Xc1.C",0.0876598692510128,"HA"
"PAAC_Xc1.Q",0.237169375140015,"HA"
"PAAC_Xc1.E",0.092338458046105,"HA"
"PAAC_Xc1.G",0.332816958302956,"HA"
"PAAC_Xc1.H",0.0784924838363421,"HA"
"PAAC_Xc1.I",0.0497382040395189,"HA"
"PAAC_Xc1.L",0.0568207807967742,"HA"
"PAAC_Xc1.K",0.305938020397452,"HA"
"PAAC_Xc1.M",0.351054811577404,"HA"
"PAAC_Xc1.F",0.0928401386527239,"HA"
"PAAC_Xc1.P",0.100440246442994,"HA"
"PAAC_Xc1.S",0,"HA"
"PAAC_Xc1.T",0.435283987636796,"HA"
"PAAC_Xc1.W",0.608442077348423,"HA"
"PAAC_Xc1.Y",0.534875889457436,"HA"
"PAAC_Xc1.V",0.113571740707969,"HA"
"PAAC_Xc2.lambda1",0.0230087987226436,"HA"
"PAAC_Xc2.lambda2",0.133997107205707,"HA"
"PAAC_Xc2.lambda3",0.0425741393130398,"HA"
"PAAC_Xc1.A",1,"HA"
"PAAC_Xc1.R",0.077955549840465,"HA"
"PAAC_Xc1.N",0.435023830593061,"HA"
"PAAC_Xc1.D",0.0262432177895984,"HA"
"PAAC_Xc1.C",0.0649129227119442,"HA"
"PAAC_Xc1.Q",0.381164066638768,"HA"
"PAAC_Xc1.E",0.164908922927114,"HA"
"PAAC_Xc1.G",0.378284425422903,"HA"
"PAAC_Xc1.H",0.073310453476094,"HA"
"PAAC_Xc1.I",0.154083762336154,"HA"
"PAAC_Xc1.L",0.0501734319371548,"HA"
"PAAC_Xc1.K",0.295195936760001,"HA"
"PAAC_Xc1.M",0.133728115122028,"HA"
"PAAC_Xc1.F",0.0811932935479165,"HA"
"PAAC_Xc1.P",0.225547437662465,"HA"
"PAAC_Xc1.S",0,"HA"
"PAAC_Xc1.T",0.396503477688955,"HA"
"PAAC_Xc1.W",0.45003725254706,"HA"
"PAAC_Xc1.Y",0.31579763387033,"HA"
"PAAC_Xc1.V",0.0920382254192018,"HA"
"PAAC_Xc2.lambda1",0.00967104741035924,"HA"
"PAAC_Xc2.lambda2",0.124229255787514,"HA"
"PAAC_Xc2.lambda3",0.0939754514397582,"HA"
"PAAC_Xc1.A",1,"HA"
"PAAC_Xc1.R",0.138861604260378,"HA"
"PAAC_Xc1.N",0.495965798405043,"HA"
"PAAC_Xc1.D",0.051188923225517,"HA"
"PAAC_Xc1.C",0.0890358094837082,"HA"
"PAAC_Xc1.Q",0.105766724755625,"HA"
"PAAC_Xc1.E",0.20586637751438,"HA"
"PAAC_Xc1.G",0.352684867528664,"HA"
"PAAC_Xc1.H",0.0952626774865845,"HA"
"PAAC_Xc1.I",0,"HA"
"PAAC_Xc1.L",0.0160565885092925,"HA"
"PAAC_Xc1.K",0.314218211681524,"HA"
"PAAC_Xc1.M",0.457403903847964,"HA"
"PAAC_Xc1.F",0.0247742869385338,"HA"
"PAAC_Xc1.P",0.0728612947846339,"HA"
"PAAC_Xc1.S",0.0271499208516506,"HA"
"PAAC_Xc1.T",0.492688695941308,"HA"
"PAAC_Xc1.W",0.4911794860941,"HA"
"PAAC_Xc1.Y",0.639624556872008,"HA"
"PAAC_Xc1.V",0.116428331289424,"HA"
"PAAC_Xc2.lambda1",0.0578155328849054,"HA"
"PAAC_Xc2.lambda2",0.132830612886612,"HA"
"PAAC_Xc2.lambda3",0.0433333717168827,"HA"
"PAAC_Xc1.A",1,"HA"
"PAAC_Xc1.R",0.312623554839964,"HA"
"PAAC_Xc1.N",0.583925550147677,"HA"
"PAAC_Xc1.D",0.0659607430432631,"HA"
"PAAC_Xc1.C",0.088156738157658,"HA"
"PAAC_Xc1.Q",0.0355738925657699,"HA"
"PAAC_Xc1.E",0.0565941374395176,"HA"
"PAAC_Xc1.G",0.271366682563922,"HA"
"PAAC_Xc1.H",0.14739023474351,"HA"
"PAAC_Xc1.I",0.00619547829595102,"HA"
"PAAC_Xc1.L",0.0492606420319419,"HA"
"PAAC_Xc1.K",0.0818391372506413,"HA"
"PAAC_Xc1.M",0.0648864172073363,"HA"
"PAAC_Xc1.F",0.107067572456408,"HA"
"PAAC_Xc1.P",0,"HA"
"PAAC_Xc1.S",0.0198590661896048,"HA"
"PAAC_Xc1.T",0.225770796078826,"HA"
"PAAC_Xc1.W",0.550448275586526,"HA"
"PAAC_Xc1.Y",0.721953170325473,"HA"
"PAAC_Xc1.V",0.117327119657067,"HA"
"PAAC_Xc2.lambda1",0.0353529279333432,"HA"
"PAAC_Xc2.lambda2",0.134874011812083,"HA"
"PAAC_Xc2.lambda3",0.0610166871250189,"HA"
"PAAC_Xc1.A",1,"HA"
"PAAC_Xc1.R",0.0966571587801345,"HA"
"PAAC_Xc1.N",0.332215008226,"HA"
"PAAC_Xc1.D",0.0310281948784852,"HA"
"PAAC_Xc1.C",0.0648721107346644,"HA"
"PAAC_Xc1.Q",0.385050444976255,"HA"
"PAAC_Xc1.E",0.181290122481239,"HA"
"PAAC_Xc1.G",0.415566388987486,"HA"
"PAAC_Xc1.H",0.106428251375717,"HA"
"PAAC_Xc1.I",0.063220270349569,"HA"
"PAAC_Xc1.L",0.0354680559268832,"HA"
"PAAC_Xc1.K",0.208014600271922,"HA"
"PAAC_Xc1.M",0.595503133530831,"HA"
"PAAC_Xc1.F",0.0885171861634779,"HA"
"PAAC_Xc1.P",0.152460380033763,"HA"
"PAAC_Xc1.S",0,"HA"
"PAAC_Xc1.T",0.469307598333964,"HA"
"PAAC_Xc1.W",0.39038441113184,"HA"
"PAAC_Xc1.Y",0.384671083260106,"HA"
"PAAC_Xc1.V",0.0712240828754324,"HA"
"PAAC_Xc2.lambda1",0.0843219233495141,"HA"
"PAAC_Xc2.lambda2",0.107889803801711,"HA"
"PAAC_Xc2.lambda3",0.0393861310531073,"HA"
"PAAC_Xc1.A",1,"HA"
"PAAC_Xc1.R",0.0551012178211165,"HA"
"PAAC_Xc1.N",0.492581610179476,"HA"
"PAAC_Xc1.D",0.0140527401075454,"HA"
"PAAC_Xc1.C",0.0292179930688744,"HA"
"PAAC_Xc1.Q",0.162929152905926,"HA"
"PAAC_Xc1.E",0.272730597955642,"HA"
"PAAC_Xc1.G",0.405550843652468,"HA"
"PAAC_Xc1.H",0.0385692193247626,"HA"
"PAAC_Xc1.I",0.081037762721582,"HA"
"PAAC_Xc1.L",0.0402399532478322,"HA"
"PAAC_Xc1.K",0.304169976927524,"HA"
"PAAC_Xc1.M",0.225077940090381,"HA"
"PAAC_Xc1.F",0.100449401700027,"HA"
"PAAC_Xc1.P",0.21283416878464,"HA"
"PAAC_Xc1.S",0,"HA"
"PAAC_Xc1.T",0.352599245757317,"HA"
"PAAC_Xc1.W",0.610438389986024,"HA"
"PAAC_Xc1.Y",0.768727337719491,"HA"
"PAAC_Xc1.V",0.0513473381406742,"HA"
"PAAC_Xc2.lambda1",0.0929298807849402,"HA"
"PAAC_Xc2.lambda2",0.0860844590804911,"HA"
"PAAC_Xc2.lambda3",0.0516892952320942,"HA"
"PAAC_Xc1.A",1,"HA"
"PAAC_Xc1.R",0.128872144081013,"HA"
"PAAC_Xc1.N",0.60761872723825,"HA"
"PAAC_Xc1.D",0.0190952162878199,"HA"
"PAAC_Xc1.C",0.0311111748915821,"HA"
"PAAC_Xc1.Q",0.125148663259356,"HA"
"PAAC_Xc1.E",0.0855085471825341,"HA"
"PAAC_Xc1.G",0.388954221997464,"HA"
"PAAC_Xc1.H",0.0654195482876872,"HA"
"PAAC_Xc1.I",0.0404246184311332,"HA"
"PAAC_Xc1.L",0.042291498807443,"HA"
"PAAC_Xc1.K",0.277801753642403,"HA"
"PAAC_Xc1.M",0.281058152544727,"HA"
"PAAC_Xc1.F",0.0455798896098614,"HA"
"PAAC_Xc1.P",0.205658888266564,"HA"
"PAAC_Xc1.S",0,"HA"
"PAAC_Xc1.T",0.462055585298812,"HA"
"PAAC_Xc1.W",0.52312590456461,"HA"
"PAAC_Xc1.Y",0.652664768390203,"HA"
"PAAC_Xc1.V",0.0698403798057863,"HA"
"PAAC_Xc2.lambda1",0.0511659216073436,"HA"
"PAAC_Xc2.lambda2",0.110682599595939,"HA"
"PAAC_Xc2.lambda3",0.0383499761659789,"HA"
"PAAC_Xc1.A",1,"HA"
"PAAC_Xc1.R",0.10175039544718,"HA"
"PAAC_Xc1.N",0.582917063403426,"HA"
"PAAC_Xc1.D",0.0266415562809897,"HA"
"PAAC_Xc1.C",0.0664357414253951,"HA"
"PAAC_Xc1.Q",0.153746192753943,"HA"
"PAAC_Xc1.E",0.158081673994381,"HA"
"PAAC_Xc1.G",0.369537084582304,"HA"
"PAAC_Xc1.H",0.0699138970276386,"HA"
"PAAC_Xc1.I",0.0772092228771108,"HA"
"PAAC_Xc1.L",0.0806949226208658,"HA"
"PAAC_Xc1.K",0.261602170732914,"HA"
"PAAC_Xc1.M",0.139572094989167,"HA"
"PAAC_Xc1.F",0.0981898590142404,"HA"
"PAAC_Xc1.P",0.187873379422247,"HA"
"PAAC_Xc1.S",0,"HA"
"PAAC_Xc1.T",0.375556020615047,"HA"
"PAAC_Xc1.W",0.460636046506736,"HA"
"PAAC_Xc1.Y",0.500680424622138,"HA"
"PAAC_Xc1.V",0.101793333898149,"HA"
"PAAC_Xc2.lambda1",0.0459785647839749,"HA"
"PAAC_Xc2.lambda2",0.0763073440718797,"HA"
"PAAC_Xc2.lambda3",0.0429537183559221,"HA"
"PAAC_Xc1.A",0.194033420558824,"HA"
"PAAC_Xc1.R",0.406678025246967,"HA"
"PAAC_Xc1.N",0.239040874621182,"HA"
"PAAC_Xc1.D",0.201163525277685,"HA"
"PAAC_Xc1.C",0.238870629615423,"HA"
"PAAC_Xc1.Q",0.0203325805168775,"HA"
"PAAC_Xc1.E",0.0116839393381687,"HA"
"PAAC_Xc1.G",1,"HA"
"PAAC_Xc1.H",0.324725620942107,"HA"
"PAAC_Xc1.I",0.00195348106538343,"HA"
"PAAC_Xc1.L",0.0686711931792433,"HA"
"PAAC_Xc1.K",0.856158165417211,"HA"
"PAAC_Xc1.M",0.555403678306656,"HA"
"PAAC_Xc1.F",0,"HA"
"PAAC_Xc1.P",0.0262738757331353,"HA"
"PAAC_Xc1.S",0.332854725941637,"HA"
"PAAC_Xc1.T",0.894888723775233,"HA"
"PAAC_Xc1.W",0.404325268861351,"HA"
"PAAC_Xc1.Y",0.33508788908682,"HA"
"PAAC_Xc1.V",0.187954268894372,"HA"
"PAAC_Xc2.lambda1",0.391324428884154,"HA"
"PAAC_Xc2.lambda2",0.372701221985093,"HA"
"PAAC_Xc2.lambda3",0.2499407959661,"HA"
"PAAC_Xc1.A",1,"HA"
"PAAC_Xc1.R",0.0960195992039032,"HA"
"PAAC_Xc1.N",0.496503473454745,"HA"
"PAAC_Xc1.D",0.0526745407047323,"HA"
"PAAC_Xc1.C",0.0506979928689046,"HA"
"PAAC_Xc1.Q",0.0838605944401,"HA"
"PAAC_Xc1.E",0.19875730501543,"HA"
"PAAC_Xc1.G",0.374846976795309,"HA"
"PAAC_Xc1.H",0.0706272393178791,"HA"
"PAAC_Xc1.I",0,"HA"
"PAAC_Xc1.L",0.0186311295477911,"HA"
"PAAC_Xc1.K",0.306737556912554,"HA"
"PAAC_Xc1.M",0.378725142707156,"HA"
"PAAC_Xc1.F",0.0182735126577726,"HA"
"PAAC_Xc1.P",0.0758028597114126,"HA"
"PAAC_Xc1.S",0.00574154810946284,"HA"
"PAAC_Xc1.T",0.487469733836429,"HA"
"PAAC_Xc1.W",0.528499597317327,"HA"
"PAAC_Xc1.Y",0.490545908353476,"HA"
"PAAC_Xc1.V",0.0966596057966696,"HA"
"PAAC_Xc2.lambda1",0.0715777685028168,"HA"
"PAAC_Xc2.lambda2",0.143881342791872,"HA"
"PAAC_Xc2.lambda3",0.0530238918151139,"HA"
"PAAC_Xc1.A",1,"HA"
"PAAC_Xc1.R",0.0460392466396565,"HA"
"PAAC_Xc1.N",0.542161813364918,"HA"
"PAAC_Xc1.D",0.0281302440648318,"HA"
"PAAC_Xc1.C",0.046048600568963,"HA"
"PAAC_Xc1.Q",0.18341170483124,"HA"
"PAAC_Xc1.E",0.211267679600633,"HA"
"PAAC_Xc1.G",0.341125759664481,"HA"
"PAAC_Xc1.H",0.071637366750285,"HA"
"PAAC_Xc1.I",0.058578027723195,"HA"
"PAAC_Xc1.L",0.0681523010292452,"HA"
"PAAC_Xc1.K",0.240537660427108,"HA"
"PAAC_Xc1.M",0.402052320389236,"HA"
"PAAC_Xc1.F",0.0253846684241625,"HA"
"PAAC_Xc1.P",0.189095777028985,"HA"
"PAAC_Xc1.S",0,"HA"
"PAAC_Xc1.T",0.366033682709812,"HA"
"PAAC_Xc1.W",0.378972303843279,"HA"
"PAAC_Xc1.Y",0.400648484183919,"HA"
"PAAC_Xc1.V",0.0636813004496305,"HA"
"PAAC_Xc2.lambda1",0.0681740576385033,"HA"
"PAAC_Xc2.lambda2",0.175902608989372,"HA"
"PAAC_Xc2.lambda3",0.0380593086470973,"HA"
"PAAC_Xc1.A",0.518867725819977,"M1"
"PAAC_Xc1.R",0.798199020939393,"M1"
"PAAC_Xc1.N",1,"M1"
"PAAC_Xc1.D",0.0497158106909187,"M1"
"PAAC_Xc1.C",0.192276745651231,"M1"
"PAAC_Xc1.Q",0.0181601287320326,"M1"
"PAAC_Xc1.E",0.0640554335013451,"M1"
"PAAC_Xc1.G",0.0415501727724087,"M1"
"PAAC_Xc1.H",0.0470764434977273,"M1"
"PAAC_Xc1.I",0.128574574148824,"M1"
"PAAC_Xc1.L",0.0297479656662909,"M1"
"PAAC_Xc1.K",0.493298485664009,"M1"
"PAAC_Xc1.M",0,"M1"
"PAAC_Xc1.F",0.0144220406840473,"M1"
"PAAC_Xc1.P",0.0428414871591608,"M1"
"PAAC_Xc1.S",0.228178202288301,"M1"
"PAAC_Xc1.T",0.112970573594792,"M1"
"PAAC_Xc1.W",0.0554262065495862,"M1"
"PAAC_Xc1.Y",0.0831183237257712,"M1"
"PAAC_Xc1.V",0.388416070055769,"M1"
"PAAC_Xc2.lambda1",0.0269596438058671,"M1"
"PAAC_Xc2.lambda2",0.102968789975748,"M1"
"PAAC_Xc2.lambda3",0.133381900076514,"M1"
"PAAC_Xc1.A",0.607719311769211,"M1"
"PAAC_Xc1.R",0.575737851576507,"M1"
"PAAC_Xc1.N",1,"M1"
"PAAC_Xc1.D",0.0428870567484448,"M1"
"PAAC_Xc1.C",0.120589272488937,"M1"
"PAAC_Xc1.Q",0,"M1"
"PAAC_Xc1.E",0.0415078131416958,"M1"
"PAAC_Xc1.G",0.0421116570819505,"M1"
"PAAC_Xc1.H",0.0193718236677812,"M1"
"PAAC_Xc1.I",0.125693478917025,"M1"
"PAAC_Xc1.L",0.0462476280103637,"M1"
"PAAC_Xc1.K",0.411115868684408,"M1"
"PAAC_Xc1.M",0.00596155755089743,"M1"
"PAAC_Xc1.F",0.00218518589404662,"M1"
"PAAC_Xc1.P",0.029182946953198,"M1"
"PAAC_Xc1.S",0.299337854207102,"M1"
"PAAC_Xc1.T",0.169721569301679,"M1"
"PAAC_Xc1.W",0.0462893593385139,"M1"
"PAAC_Xc1.Y",0.0417382747838794,"M1"
"PAAC_Xc1.V",0.416335813170207,"M1"
"PAAC_Xc2.lambda1",0.0179774916271919,"M1"
"PAAC_Xc2.lambda2",0.137865846199787,"M1"
"PAAC_Xc2.lambda3",0.162852356884979,"M1"
"PAAC_Xc1.A",0.591619105008962,"M1"
"PAAC_Xc1.R",0.74321840995214,"M1"
"PAAC_Xc1.N",1,"M1"
"PAAC_Xc1.D",0.0379224556229609,"M1"
"PAAC_Xc1.C",0.118159336196291,"M1"
"PAAC_Xc1.Q",0.0177583269866152,"M1"
"PAAC_Xc1.E",0.0662257259592255,"M1"
"PAAC_Xc1.G",0.0332013846342539,"M1"
"PAAC_Xc1.H",0.0243895812751015,"M1"
"PAAC_Xc1.I",0.214685000430684,"M1"
"PAAC_Xc1.L",0.0585424414908037,"M1"
"PAAC_Xc1.K",0.591321107720786,"M1"
"PAAC_Xc1.M",0,"M1"
"PAAC_Xc1.F",0.0197662565834439,"M1"
"PAAC_Xc1.P",0.0364652891385977,"M1"
"PAAC_Xc1.S",0.318843035134852,"M1"
"PAAC_Xc1.T",0.127536887383027,"M1"
"PAAC_Xc1.W",0.0550298246333199,"M1"
"PAAC_Xc1.Y",0.00423159761037264,"M1"
"PAAC_Xc1.V",0.511655837298376,"M1"
"PAAC_Xc2.lambda1",0.0287725793221773,"M1"
"PAAC_Xc2.lambda2",0.0972038293299384,"M1"
"PAAC_Xc2.lambda3",0.177333929902652,"M1"
"PAAC_Xc1.A",0.48665861924248,"M1"
"PAAC_Xc1.R",0.603834691450945,"M1"
"PAAC_Xc1.N",1,"M1"
"PAAC_Xc1.D",0.0370236726885725,"M1"
"PAAC_Xc1.C",0.0897294162991383,"M1"
"PAAC_Xc1.Q",0.0275064087864763,"M1"
"PAAC_Xc1.E",0.0880210168713457,"M1"
"PAAC_Xc1.G",0.0416050216345912,"M1"
"PAAC_Xc1.H",0,"M1"
"PAAC_Xc1.I",0.247088950652987,"M1"
"PAAC_Xc1.L",0.0677771746027767,"M1"
"PAAC_Xc1.K",0.43483728528069,"M1"
"PAAC_Xc1.M",0.00947400449394116,"M1"
"PAAC_Xc1.F",0.0267443691564849,"M1"
"PAAC_Xc1.P",0.0415930077249107,"M1"
"PAAC_Xc1.S",0.317427688152104,"M1"
"PAAC_Xc1.T",0.272289516699075,"M1"
"PAAC_Xc1.W",0.035008794836501,"M1"
"PAAC_Xc1.Y",0.0272875045161754,"M1"
"PAAC_Xc1.V",0.320624270021827,"M1"
"PAAC_Xc2.lambda1",0.0338800818018934,"M1"
"PAAC_Xc2.lambda2",0.0623837275578779,"M1"
"PAAC_Xc2.lambda3",0.189792164255506,"M1"
"PAAC_Xc1.A",0.576109153886621,"M1"
"PAAC_Xc1.R",0.916314480168168,"M1"
"PAAC_Xc1.N",1,"M1"
"PAAC_Xc1.D",0.0519438566965583,"M1"
"PAAC_Xc1.C",0.221289788761536,"M1"
"PAAC_Xc1.Q",0.00517446922955196,"M1"
"PAAC_Xc1.E",0.0418520132776551,"M1"
"PAAC_Xc1.G",0.0378314350827194,"M1"
"PAAC_Xc1.H",0.0521700812062493,"M1"
"PAAC_Xc1.I",0.0902430838543747,"M1"
"PAAC_Xc1.L",0.0231590907522903,"M1"
"PAAC_Xc1.K",0.637821776598331,"M1"
"PAAC_Xc1.M",0.0570844679237295,"M1"
"PAAC_Xc1.F",0,"M1"
"PAAC_Xc1.P",0.0195130747971285,"M1"
"PAAC_Xc1.S",0.338287720789553,"M1"
"PAAC_Xc1.T",0.110563221357653,"M1"
"PAAC_Xc1.W",0.0961440444287265,"M1"
"PAAC_Xc1.Y",0.0902904838276623,"M1"
"PAAC_Xc1.V",0.341218632895943,"M1"
"PAAC_Xc2.lambda1",0.0327242141158317,"M1"
"PAAC_Xc2.lambda2",0.0380906558006087,"M1"
"PAAC_Xc2.lambda3",0.157155261761718,"M1"
"PAAC_Xc1.A",1,"M1"
"PAAC_Xc1.R",0.117922014346562,"M1"
"PAAC_Xc1.N",0.295546135941519,"M1"
"PAAC_Xc1.D",0.058301437457672,"M1"
"PAAC_Xc1.C",0.396535265910892,"M1"
"PAAC_Xc1.Q",0.0209738352705515,"M1"
"PAAC_Xc1.E",0.041513280837541,"M1"
"PAAC_Xc1.G",0.769369577835907,"M1"
"PAAC_Xc1.H",0.205201070600497,"M1"
"PAAC_Xc1.I",0.0914429250916894,"M1"
"PAAC_Xc1.L",0.0299908832504132,"M1"
"PAAC_Xc1.K",0.062010231296946,"M1"
"PAAC_Xc1.M",0.0660441756274304,"M1"
"PAAC_Xc1.F",0,"M1"
"PAAC_Xc1.P",0.0350043798025304,"M1"
"PAAC_Xc1.S",0.0714675981655066,"M1"
"PAAC_Xc1.T",0.0252070689068452,"M1"
"PAAC_Xc1.W",0.445301862858963,"M1"
"PAAC_Xc1.Y",0.291690756123319,"M1"
"PAAC_Xc1.V",0.0610729923606948,"M1"
"PAAC_Xc2.lambda1",0.00958857993850945,"M1"
"PAAC_Xc2.lambda2",0.101150127097011,"M1"
"PAAC_Xc2.lambda3",0.936113193696141,"M1"
"PAAC_Xc1.A",0.406147717531126,"M1"
"PAAC_Xc1.R",0.604212943099653,"M1"
"PAAC_Xc1.N",1,"M1"
"PAAC_Xc1.D",0.0420839686941381,"M1"
"PAAC_Xc1.C",0.0681371691508937,"M1"
"PAAC_Xc1.Q",0.0104086261192985,"M1"
"PAAC_Xc1.E",0.0437292876364332,"M1"
"PAAC_Xc1.G",0.0212947061347961,"M1"
"PAAC_Xc1.H",0.04067085031416,"M1"
"PAAC_Xc1.I",0.101284410861621,"M1"
"PAAC_Xc1.L",0.03903367616035,"M1"
"PAAC_Xc1.K",0.785605510785361,"M1"
"PAAC_Xc1.M",0.00881150377212694,"M1"
"PAAC_Xc1.F",0.00698687200851673,"M1"
"PAAC_Xc1.P",0.0298138222431927,"M1"
"PAAC_Xc1.S",0.349202402483714,"M1"
"PAAC_Xc1.T",0.198283873704389,"M1"
"PAAC_Xc1.W",0.0439008121189645,"M1"
"PAAC_Xc1.Y",0.0319886992006056,"M1"
"PAAC_Xc1.V",0.358596283735075,"M1"
"PAAC_Xc2.lambda1",0,"M1"
"PAAC_Xc2.lambda2",0.186317221161854,"M1"
"PAAC_Xc2.lambda3",0.0689284698658368,"M1"
"PAAC_Xc1.A",0.417566225188529,"M1"
"PAAC_Xc1.R",0.714879943806414,"M1"
"PAAC_Xc1.N",1,"M1"
"PAAC_Xc1.D",0.0363943452380778,"M1"
"PAAC_Xc1.C",0.217508398443888,"M1"
"PAAC_Xc1.Q",0.0393032965492694,"M1"
"PAAC_Xc1.E",0.0660456372559859,"M1"
"PAAC_Xc1.G",0.0211835767373617,"M1"
"PAAC_Xc1.H",0.0339642142174325,"M1"
"PAAC_Xc1.I",0.219292603848329,"M1"
"PAAC_Xc1.L",0.0519936139569338,"M1"
"PAAC_Xc1.K",0.764952168280058,"M1"
"PAAC_Xc1.M",0,"M1"
"PAAC_Xc1.F",0.0537543996559715,"M1"
"PAAC_Xc1.P",0.05632115130721,"M1"
"PAAC_Xc1.S",0.346416622511884,"M1"
"PAAC_Xc1.T",0.0835702065514055,"M1"
"PAAC_Xc1.W",0.0893823437294764,"M1"
"PAAC_Xc1.Y",0.0586033232348383,"M1"
"PAAC_Xc1.V",0.30719187553717,"M1"
"PAAC_Xc2.lambda1",0.0451744868718127,"M1"
"PAAC_Xc2.lambda2",0.142790985548879,"M1"
"PAAC_Xc2.lambda3",0.0855893362586859,"M1"
"PAAC_Xc1.A",0.407141777202344,"M1"
"PAAC_Xc1.R",0.692731978687469,"M1"
"PAAC_Xc1.N",1,"M1"
"PAAC_Xc1.D",0.0223975081518643,"M1"
"PAAC_Xc1.C",0.133506351332306,"M1"
"PAAC_Xc1.Q",0.00206382645461593,"M1"
"PAAC_Xc1.E",0.031721030734228,"M1"
"PAAC_Xc1.G",0.0141864446583488,"M1"
"PAAC_Xc1.H",0.00911916959681873,"M1"
"PAAC_Xc1.I",0.127861236158478,"M1"
"PAAC_Xc1.L",0.0220392354171842,"M1"
"PAAC_Xc1.K",0.467736308381098,"M1"
"PAAC_Xc1.M",0,"M1"
"PAAC_Xc1.F",0.006253807865752,"M1"
"PAAC_Xc1.P",0.024355481158296,"M1"
"PAAC_Xc1.S",0.306523203520642,"M1"
"PAAC_Xc1.T",0.119858057309829,"M1"
"PAAC_Xc1.W",0.0277673278481195,"M1"
"PAAC_Xc1.Y",0.0455043477297456,"M1"
"PAAC_Xc1.V",0.308531172520101,"M1"
"PAAC_Xc2.lambda1",0.00574322720121528,"M1"
"PAAC_Xc2.lambda2",0.158187237941014,"M1"
"PAAC_Xc2.lambda3",0.105251932475174,"M1"
"PAAC_Xc1.A",0.493383278553187,"M1"
"PAAC_Xc1.R",0.687017149948496,"M1"
"PAAC_Xc1.N",1,"M1"
"PAAC_Xc1.D",0.0405595181144488,"M1"
"PAAC_Xc1.C",0.182088468584062,"M1"
"PAAC_Xc1.Q",0,"M1"
"PAAC_Xc1.E",0.0496528323728276,"M1"
"PAAC_Xc1.G",0.0345870641663088,"M1"
"PAAC_Xc1.H",0.0489360540194123,"M1"
"PAAC_Xc1.I",0.138430546251524,"M1"
"PAAC_Xc1.L",0.0565370099880322,"M1"
"PAAC_Xc1.K",0.702582201708913,"M1"
"PAAC_Xc1.M",0.00170466315170367,"M1"
"PAAC_Xc1.F",0.0221813139613032,"M1"
"PAAC_Xc1.P",0.0135129802842249,"M1"
"PAAC_Xc1.S",0.264929866584305,"M1"
"PAAC_Xc1.T",0.134041046660704,"M1"
"PAAC_Xc1.W",0.0959928048445557,"M1"
"PAAC_Xc1.Y",0.06634696472839,"M1"
"PAAC_Xc1.V",0.409059215867709,"M1"
"PAAC_Xc2.lambda1",0.0253848564838056,"M1"
"PAAC_Xc2.lambda2",0.175756157014957,"M1"
"PAAC_Xc2.lambda3",0.162463031806489,"M1"
"PAAC_Xc1.A",0.406070174766448,"M1"
"PAAC_Xc1.R",0.934229630282493,"M1"
"PAAC_Xc1.N",0.541055504182223,"M1"
"PAAC_Xc1.D",0.389875975410337,"M1"
"PAAC_Xc1.C",0.108046472712918,"M1"
"PAAC_Xc1.Q",0.0151872627529269,"M1"
"PAAC_Xc1.E",0.0105344343024915,"M1"
"PAAC_Xc1.G",0.120799706258805,"M1"
"PAAC_Xc1.H",0.0553439617387856,"M1"
"PAAC_Xc1.I",0.0603485413369409,"M1"
"PAAC_Xc1.L",0.0417669807261674,"M1"
"PAAC_Xc1.K",1,"M1"
"PAAC_Xc1.M",0.122770555147348,"M1"
"PAAC_Xc1.F",0.0144056341393399,"M1"
"PAAC_Xc1.P",0,"M1"
"PAAC_Xc1.S",0.471663597274104,"M1"
"PAAC_Xc1.T",0.172582727897549,"M1"
"PAAC_Xc1.W",0.0743755221173305,"M1"
"PAAC_Xc1.Y",0.0794064701560016,"M1"
"PAAC_Xc1.V",0.636905423837076,"M1"
"PAAC_Xc2.lambda1",0.200902965927253,"M1"
"PAAC_Xc2.lambda2",0.0901695538679922,"M1"
"PAAC_Xc2.lambda3",0.257724152847963,"M1"
"PAAC_Xc1.A",0.386747625858572,"M1"
"PAAC_Xc1.R",0.69964490841065,"M1"
"PAAC_Xc1.N",1,"M1"
"PAAC_Xc1.D",0.0368071705275869,"M1"
"PAAC_Xc1.C",0.161849537240893,"M1"
"PAAC_Xc1.Q",0,"M1"
"PAAC_Xc1.E",0.0495906025768321,"M1"
"PAAC_Xc1.G",0.0369436101331896,"M1"
"PAAC_Xc1.H",0.0588167247947779,"M1"
"PAAC_Xc1.I",0.0999578848927223,"M1"
"PAAC_Xc1.L",0.023715151170504,"M1"
"PAAC_Xc1.K",0.528097600422074,"M1"
"PAAC_Xc1.M",0.0073308574337642,"M1"
"PAAC_Xc1.F",0.00717985094108863,"M1"
"PAAC_Xc1.P",0.0421782147871291,"M1"
"PAAC_Xc1.S",0.240621578532538,"M1"
"PAAC_Xc1.T",0.140299875247819,"M1"
"PAAC_Xc1.W",0.0553026316678041,"M1"
"PAAC_Xc1.Y",0.0205819926101183,"M1"
"PAAC_Xc1.V",0.272965580828035,"M1"
"PAAC_Xc2.lambda1",0.0226361389792243,"M1"
"PAAC_Xc2.lambda2",0.189649424677188,"M1"
"PAAC_Xc2.lambda3",0.134230310855474,"M1"
"PAAC_Xc1.A",0.727832294139169,"M1"
"PAAC_Xc1.R",0.520265217821692,"M1"
"PAAC_Xc1.N",1,"M1"
"PAAC_Xc1.D",0.0551459376728272,"M1"
"PAAC_Xc1.C",0.28397826101618,"M1"
"PAAC_Xc1.Q",0.00712414478412957,"M1"
"PAAC_Xc1.E",0.00943913953651154,"M1"
"PAAC_Xc1.G",0.0598646471537739,"M1"
"PAAC_Xc1.H",0.102116313593993,"M1"
"PAAC_Xc1.I",0.0162368370720324,"M1"
"PAAC_Xc1.L",0.00600626664339955,"M1"
"PAAC_Xc1.K",0.474543501229642,"M1"
"PAAC_Xc1.M",0.0259349153040954,"M1"
"PAAC_Xc1.F",0,"M1"
"PAAC_Xc1.P",0.00793858186143735,"M1"
"PAAC_Xc1.S",0.170985068694542,"M1"
"PAAC_Xc1.T",0.031292542196055,"M1"
"PAAC_Xc1.W",0.19502244170358,"M1"
"PAAC_Xc1.Y",0.161758359127031,"M1"
"PAAC_Xc1.V",0.320234499017642,"M1"
"PAAC_Xc2.lambda1",0.0583287812804462,"M1"
"PAAC_Xc2.lambda2",0.116366473293686,"M1"
"PAAC_Xc2.lambda3",0.35645770949586,"M1"
"PAAC_Xc1.A",0.11410086169216,"NA"
"PAAC_Xc1.R",0.152454132644217,"NA"
"PAAC_Xc1.N",0.13462755401573,"NA"
"PAAC_Xc1.D",0.212792510159306,"NA"
"PAAC_Xc1.C",0.101275697392199,"NA"
"PAAC_Xc1.Q",0.120639999398446,"NA"
"PAAC_Xc1.E",0.0991978164266501,"NA"
"PAAC_Xc1.G",0.541722367279356,"NA"
"PAAC_Xc1.H",0.164048736165195,"NA"
"PAAC_Xc1.I",0.131152461736498,"NA"
"PAAC_Xc1.L",0.165365863509055,"NA"
"PAAC_Xc1.K",0.0736619218717947,"NA"
"PAAC_Xc1.M",0.134359003873767,"NA"
"PAAC_Xc1.F",0,"NA"
"PAAC_Xc1.P",0.260214434433913,"NA"
"PAAC_Xc1.S",0.159187977596838,"NA"
"PAAC_Xc1.T",0.139870039566222,"NA"
"PAAC_Xc1.W",1,"NA"
"PAAC_Xc1.Y",0.942765479845404,"NA"
"PAAC_Xc1.V",0.436103906733691,"NA"
"PAAC_Xc2.lambda1",0.099455796395643,"NA"
"PAAC_Xc2.lambda2",0.142948152644411,"NA"
"PAAC_Xc2.lambda3",0.073376754259984,"NA"
"PAAC_Xc1.A",0.0967497957153233,"NA"
"PAAC_Xc1.R",0.140805934452029,"NA"
"PAAC_Xc1.N",0.116276770401412,"NA"
"PAAC_Xc1.D",0.183954876870079,"NA"
"PAAC_Xc1.C",0.0706641208265544,"NA"
"PAAC_Xc1.Q",0.0702336750176497,"NA"
"PAAC_Xc1.E",0.111387879823018,"NA"
"PAAC_Xc1.G",0.60131726058565,"NA"
"PAAC_Xc1.H",0.13933529488963,"NA"
"PAAC_Xc1.I",0.0761633158847377,"NA"
"PAAC_Xc1.L",0.178179734252987,"NA"
"PAAC_Xc1.K",0.0562434168603186,"NA"
"PAAC_Xc1.M",0.123086663538997,"NA"
"PAAC_Xc1.F",0,"NA"
"PAAC_Xc1.P",0.190562244386492,"NA"
"PAAC_Xc1.S",0.124658648734504,"NA"
"PAAC_Xc1.T",0.120399305912687,"NA"
"PAAC_Xc1.W",0.982135194233604,"NA"
"PAAC_Xc1.Y",1,"NA"
"PAAC_Xc1.V",0.39785272116067,"NA"
"PAAC_Xc2.lambda1",0.0839091542590162,"NA"
"PAAC_Xc2.lambda2",0.0899899277500461,"NA"
"PAAC_Xc2.lambda3",0.082009941395814,"NA"
"PAAC_Xc1.A",0.0592499459434481,"NA"
"PAAC_Xc1.R",0.119542577729554,"NA"
"PAAC_Xc1.N",0.159211180147408,"NA"
"PAAC_Xc1.D",0.175958115161454,"NA"
"PAAC_Xc1.C",0.0595134383057372,"NA"
"PAAC_Xc1.Q",0.0899936921745272,"NA"
"PAAC_Xc1.E",0.0894629051912075,"NA"
"PAAC_Xc1.G",0.566224865581774,"NA"
"PAAC_Xc1.H",0.136982436764286,"NA"
"PAAC_Xc1.I",0.0768379616513471,"NA"
"PAAC_Xc1.L",0.121980836446327,"NA"
"PAAC_Xc1.K",0.0410739762789522,"NA"
"PAAC_Xc1.M",0.0701752590509521,"NA"
"PAAC_Xc1.F",0,"NA"
"PAAC_Xc1.P",0.208585792833917,"NA"
"PAAC_Xc1.S",0.0764965603101784,"NA"
"PAAC_Xc1.T",0.101911693821582,"NA"
"PAAC_Xc1.W",1,"NA"
"PAAC_Xc1.Y",0.999906932973793,"NA"
"PAAC_Xc1.V",0.49140428350592,"NA"
"PAAC_Xc2.lambda1",0.0415358467697267,"NA"
"PAAC_Xc2.lambda2",0.0530432488088998,"NA"
"PAAC_Xc2.lambda3",0.0886625867129575,"NA"
"PAAC_Xc1.A",0.129433654910186,"NA"
"PAAC_Xc1.R",0.137024917198602,"NA"
"PAAC_Xc1.N",0.117080154382203,"NA"
"PAAC_Xc1.D",0.186781070373864,"NA"
"PAAC_Xc1.C",0.104119125149957,"NA"
"PAAC_Xc1.Q",0.118310002993415,"NA"
"PAAC_Xc1.E",0.187422756120953,"NA"
"PAAC_Xc1.G",0.365883395914942,"NA"
"PAAC_Xc1.H",0.160265967187818,"NA"
"PAAC_Xc1.I",0.130328210252997,"NA"
"PAAC_Xc1.L",0.245292295894146,"NA"
"PAAC_Xc1.K",0.041287907221828,"NA"
"PAAC_Xc1.M",0.0964276758411982,"NA"
"PAAC_Xc1.F",0,"NA"
"PAAC_Xc1.P",0.31173739485314,"NA"
"PAAC_Xc1.S",0.111166474823093,"NA"
"PAAC_Xc1.T",0.1495722617637,"NA"
"PAAC_Xc1.W",0.900021251729544,"NA"
"PAAC_Xc1.Y",1,"NA"
"PAAC_Xc1.V",0.510750733974801,"NA"
"PAAC_Xc2.lambda1",0.0813204562426273,"NA"
"PAAC_Xc2.lambda2",0.0997674673284621,"NA"
"PAAC_Xc2.lambda3",0.0797507121689576,"NA"
"PAAC_Xc1.A",0.0874025204006554,"NA"
"PAAC_Xc1.R",0.148812923423929,"NA"
"PAAC_Xc1.N",0.106918626760828,"NA"
"PAAC_Xc1.D",0.185840713117962,"NA"
"PAAC_Xc1.C",0.075017972919573,"NA"
"PAAC_Xc1.Q",0.015869188998397,"NA"
"PAAC_Xc1.E",0.13106934930101,"NA"
"PAAC_Xc1.G",0.545538917295115,"NA"
"PAAC_Xc1.H",0.151687512458666,"NA"
"PAAC_Xc1.I",0,"NA"
"PAAC_Xc1.L",0.138238457815155,"NA"
"PAAC_Xc1.K",0.0571761859781312,"NA"
"PAAC_Xc1.M",0.0966684082472064,"NA"
"PAAC_Xc1.F",0.00557143214651749,"NA"
"PAAC_Xc1.P",0.180857389675112,"NA"
"PAAC_Xc1.S",0.10052726320869,"NA"
"PAAC_Xc1.T",0.108964453180304,"NA"
"PAAC_Xc1.W",1,"NA"
"PAAC_Xc1.Y",0.885038980566767,"NA"
"PAAC_Xc1.V",0.343000193266141,"NA"
"PAAC_Xc2.lambda1",0.0686507728029367,"NA"
"PAAC_Xc2.lambda2",0.0843438702689729,"NA"
"PAAC_Xc2.lambda3",0.0573427964975826,"NA"
"PAAC_Xc1.A",0.0928415425248968,"NA"
"PAAC_Xc1.R",0.125335723524867,"NA"
"PAAC_Xc1.N",0.0501936611083093,"NA"
"PAAC_Xc1.D",0.161206789053774,"NA"
"PAAC_Xc1.C",0.0672868475836689,"NA"
"PAAC_Xc1.Q",0.0729446970729265,"NA"
"PAAC_Xc1.E",0.0483945065462311,"NA"
"PAAC_Xc1.G",0.763623236508593,"NA"
"PAAC_Xc1.H",0.0587428673428236,"NA"
"PAAC_Xc1.I",0.0171675225594166,"NA"
"PAAC_Xc1.L",0.146471234127077,"NA"
"PAAC_Xc1.K",0.0478575953977391,"NA"
"PAAC_Xc1.M",0.0697443028711387,"NA"
"PAAC_Xc1.F",0,"NA"
"PAAC_Xc1.P",0.0887187609114241,"NA"
"PAAC_Xc1.S",0.0789778367856402,"NA"
"PAAC_Xc1.T",0.254744184885993,"NA"
"PAAC_Xc1.W",0.383061691426759,"NA"
"PAAC_Xc1.Y",1,"NA"
"PAAC_Xc1.V",0.705159082769951,"NA"
"PAAC_Xc2.lambda1",0.0653336760916224,"NA"
"PAAC_Xc2.lambda2",0.0713286696248285,"NA"
"PAAC_Xc2.lambda3",0.104615798303539,"NA"
"PAAC_Xc1.A",0.115197759589433,"NA"
"PAAC_Xc1.R",0.132829012187631,"NA"
"PAAC_Xc1.N",0.129605548935482,"NA"
"PAAC_Xc1.D",0.167654866509092,"NA"
"PAAC_Xc1.C",0.0683997621903462,"NA"
"PAAC_Xc1.Q",0.084008247687701,"NA"
"PAAC_Xc1.E",0.109037639248403,"NA"
"PAAC_Xc1.G",0.505292252645781,"NA"
"PAAC_Xc1.H",0.175435787666459,"NA"
"PAAC_Xc1.I",0.0904104605808583,"NA"
"PAAC_Xc1.L",0.0643203618097397,"NA"
"PAAC_Xc1.K",0.0539205988933769,"NA"
"PAAC_Xc1.M",0.0798031072865485,"NA"
"PAAC_Xc1.F",0,"NA"
"PAAC_Xc1.P",0.207840808667117,"NA"
"PAAC_Xc1.S",0.174467480914721,"NA"
"PAAC_Xc1.T",0.12967987444141,"NA"
"PAAC_Xc1.W",1,"NA"
"PAAC_Xc1.Y",0.875621085970974,"NA"
"PAAC_Xc1.V",0.389518118373864,"NA"
"PAAC_Xc2.lambda1",0.0658307391425172,"NA"
"PAAC_Xc2.lambda2",0.111394717833698,"NA"
"PAAC_Xc2.lambda3",0.0894556423298506,"NA"
"PAAC_Xc1.A",0.041283024880312,"NA"
"PAAC_Xc1.R",0.0961121511820851,"NA"
"PAAC_Xc1.N",0.0724039589558196,"NA"
"PAAC_Xc1.D",0.116117332980744,"NA"
"PAAC_Xc1.C",0.0622015076406785,"NA"
"PAAC_Xc1.Q",0.0850217671549588,"NA"
"PAAC_Xc1.E",0.137881509416332,"NA"
"PAAC_Xc1.G",0.207721598472293,"NA"
"PAAC_Xc1.H",0.141367556217057,"NA"
"PAAC_Xc1.I",0.157203195908646,"NA"
"PAAC_Xc1.L",0.243989950480668,"NA"
"PAAC_Xc1.K",0,"NA"
"PAAC_Xc1.M",0.0428445219014407,"NA"
"PAAC_Xc1.F",0.0566993130981275,"NA"
"PAAC_Xc1.P",0.437484862026756,"NA"
"PAAC_Xc1.S",0.0477577662990482,"NA"
"PAAC_Xc1.T",0.112258651648014,"NA"
"PAAC_Xc1.W",0.960546481411887,"NA"
"PAAC_Xc1.Y",1,"NA"
"PAAC_Xc1.V",0.250309849763832,"NA"
"PAAC_Xc2.lambda1",0.0701584365098683,"NA"
"PAAC_Xc2.lambda2",0.0523900469293938,"NA"
"PAAC_Xc2.lambda3",0.0303424242522851,"NA"
"PAAC_Xc1.A",0.055995339911708,"NA"
"PAAC_Xc1.R",0.110657201698417,"NA"
"PAAC_Xc1.N",0.0734342340085631,"NA"
"PAAC_Xc1.D",0.173822451535039,"NA"
"PAAC_Xc1.C",0.0340940398369147,"NA"
"PAAC_Xc1.Q",0.0959266186114446,"NA"
"PAAC_Xc1.E",0.0849796228442337,"NA"
"PAAC_Xc1.G",0.617163471885354,"NA"
"PAAC_Xc1.H",0.131711778355314,"NA"
"PAAC_Xc1.I",0.122354531308356,"NA"
"PAAC_Xc1.L",0.221121134395693,"NA"
"PAAC_Xc1.K",0.0352716144867999,"NA"
"PAAC_Xc1.M",0.0805072838463643,"NA"
"PAAC_Xc1.F",0,"NA"
"PAAC_Xc1.P",0.227407911433591,"NA"
"PAAC_Xc1.S",0.0745848016771286,"NA"
"PAAC_Xc1.T",0.113896221365344,"NA"
"PAAC_Xc1.W",0.92461126505283,"NA"
"PAAC_Xc1.Y",1,"NA"
"PAAC_Xc1.V",0.312141159733341,"NA"
"PAAC_Xc2.lambda1",0.0572898753548918,"NA"
"PAAC_Xc2.lambda2",0.0666302748629914,"NA"
"PAAC_Xc2.lambda3",0.0494589993666353,"NA"
"PAAC_Xc1.A",0.050246997874939,"NA"
"PAAC_Xc1.R",0.0711954859756904,"NA"
"PAAC_Xc1.N",0.0839293319534804,"NA"
"PAAC_Xc1.D",0.158466873551646,"NA"
"PAAC_Xc1.C",0.0558522081178609,"NA"
"PAAC_Xc1.Q",0.11590828979818,"NA"
"PAAC_Xc1.E",0.157439617531144,"NA"
"PAAC_Xc1.G",0.466882874779265,"NA"
"PAAC_Xc1.H",0.105959944622805,"NA"
"PAAC_Xc1.I",0.0608404865482077,"NA"
"PAAC_Xc1.L",0.278485453372919,"NA"
"PAAC_Xc1.K",0.033929040001363,"NA"
"PAAC_Xc1.M",0.0878028132256206,"NA"
"PAAC_Xc1.F",0,"NA"
"PAAC_Xc1.P",0.292330012781417,"NA"
"PAAC_Xc1.S",0.0855418076483581,"NA"
"PAAC_Xc1.T",0.099501566805242,"NA"
"PAAC_Xc1.W",0.918358974235798,"NA"
"PAAC_Xc1.Y",1,"NA"
"PAAC_Xc1.V",0.273782070056444,"NA"
"PAAC_Xc2.lambda1",0.0591447693144257,"NA"
"PAAC_Xc2.lambda2",0.0536084102169819,"NA"
"PAAC_Xc2.lambda3",0.0891396106144827,"NA"
"PAAC_Xc1.A",0.620717200037261,"NA"
"PAAC_Xc1.R",0.879514078049418,"NA"
"PAAC_Xc1.N",0.8470654134793,"NA"
"PAAC_Xc1.D",0.380289654321783,"NA"
"PAAC_Xc1.C",0.374272475151209,"NA"
"PAAC_Xc1.Q",0.060062606309082,"NA"
"PAAC_Xc1.E",0.0880931381516153,"NA"
"PAAC_Xc1.G",0.427088376024951,"NA"
"PAAC_Xc1.H",0.651785328499174,"NA"
"PAAC_Xc1.I",0.0458527106133996,"NA"
"PAAC_Xc1.L",0.132593814056426,"NA"
"PAAC_Xc1.K",0.315924683373572,"NA"
"PAAC_Xc1.M",0.465715124337454,"NA"
"PAAC_Xc1.F",0,"NA"
"PAAC_Xc1.P",0.0434497437213322,"NA"
"PAAC_Xc1.S",0.991519138387985,"NA"
"PAAC_Xc1.T",0.559718238922698,"NA"
"PAAC_Xc1.W",0.981698702455623,"NA"
"PAAC_Xc1.Y",1,"NA"
"PAAC_Xc1.V",0.40546509403224,"NA"
"PAAC_Xc2.lambda1",0.390255440468655,"NA"
"PAAC_Xc2.lambda2",0.436760029441503,"NA"
"PAAC_Xc2.lambda3",0.203463801170452,"NA"
"PAAC_Xc1.A",0.0791055212169612,"NA"
"PAAC_Xc1.R",0.129872102019728,"NA"
"PAAC_Xc1.N",0.125727617430883,"NA"
"PAAC_Xc1.D",0.205521493299785,"NA"
"PAAC_Xc1.C",0.0677989639934927,"NA"
"PAAC_Xc1.Q",0.0925220554886984,"NA"
"PAAC_Xc1.E",0.108035729312207,"NA"
"PAAC_Xc1.G",0.564364107226836,"NA"
"PAAC_Xc1.H",0.12780209152557,"NA"
"PAAC_Xc1.I",0.0417713638898162,"NA"
"PAAC_Xc1.L",0.160804433663572,"NA"
"PAAC_Xc1.K",0.0507970615820193,"NA"
"PAAC_Xc1.M",0.082930891544117,"NA"
"PAAC_Xc1.F",0,"NA"
"PAAC_Xc1.P",0.202974109677777,"NA"
"PAAC_Xc1.S",0.122485120785894,"NA"
"PAAC_Xc1.T",0.125095183247575,"NA"
"PAAC_Xc1.W",1,"NA"
"PAAC_Xc1.Y",0.840120411324743,"NA"
"PAAC_Xc1.V",0.445235349523772,"NA"
"PAAC_Xc2.lambda1",0.0666863817848173,"NA"
"PAAC_Xc2.lambda2",0.0937092519443476,"NA"
"PAAC_Xc2.lambda3",0.0569359819468549,"NA"
"PAAC_Xc1.A",0.035432282914051,"NA"
"PAAC_Xc1.R",0.0985471709090735,"NA"
"PAAC_Xc1.N",0.0712033111524561,"NA"
"PAAC_Xc1.D",0.0855436654494686,"NA"
"PAAC_Xc1.C",0.0820793116544178,"NA"
"PAAC_Xc1.Q",0.0360831552187958,"NA"
"PAAC_Xc1.E",0.107580403986452,"NA"
"PAAC_Xc1.G",0.42608071087108,"NA"
"PAAC_Xc1.H",0.117037756888238,"NA"
"PAAC_Xc1.I",0.054390304583282,"NA"
"PAAC_Xc1.L",0.128077819121265,"NA"
"PAAC_Xc1.K",0.0247001506410985,"NA"
"PAAC_Xc1.M",0.0593715806883503,"NA"
"PAAC_Xc1.F",0,"NA"
"PAAC_Xc1.P",0.328898489857911,"NA"
"PAAC_Xc1.S",0.0977976102418757,"NA"
"PAAC_Xc1.T",0.0736232134913545,"NA"
"PAAC_Xc1.W",0.988584856758004,"NA"
"PAAC_Xc1.Y",1,"NA"
"PAAC_Xc1.V",0.375751043001593,"NA"
"PAAC_Xc2.lambda1",0.0576128565822683,"NA"
"PAAC_Xc2.lambda2",0.0707928209918993,"NA"
"PAAC_Xc2.lambda3",0.0170290720700106,"NA"
"PAAC_Xc1.A",0.185542983165103,"NP"
"PAAC_Xc1.R",0.693895480501849,"NP"
"PAAC_Xc1.N",0.734822789581727,"NP"
"PAAC_Xc1.D",0.0407472125183499,"NP"
"PAAC_Xc1.C",0.0644709864832268,"NP"
"PAAC_Xc1.Q",0.0488034849272139,"NP"
"PAAC_Xc1.E",0,"NP"
"PAAC_Xc1.G",1,"NP"
"PAAC_Xc1.H",0.0467197938808087,"NP"
"PAAC_Xc1.I",0.248296746283637,"NP"
"PAAC_Xc1.L",0.0102460269604443,"NP"
"PAAC_Xc1.K",0.339720888089572,"NP"
"PAAC_Xc1.M",0.110565630669423,"NP"
"PAAC_Xc1.F",0.0750336362577053,"NP"
"PAAC_Xc1.P",0.151976384866679,"NP"
"PAAC_Xc1.S",0.0912251213664271,"NP"
"PAAC_Xc1.T",0.0977129275446093,"NP"
"PAAC_Xc1.W",0.0764366359159954,"NP"
"PAAC_Xc1.Y",0.095811685293648,"NP"
"PAAC_Xc1.V",0.0755583181956826,"NP"
"PAAC_Xc2.lambda1",0.130650313267144,"NP"
"PAAC_Xc2.lambda2",0.0517244675336932,"NP"
"PAAC_Xc2.lambda3",0.490822744665117,"NP"
"PAAC_Xc1.A",0.198084460256665,"NP"
"PAAC_Xc1.R",0.661485657620179,"NP"
"PAAC_Xc1.N",0.803413783821288,"NP"
"PAAC_Xc1.D",0.0488064129928394,"NP"
"PAAC_Xc1.C",0.0867323825867567,"NP"
"PAAC_Xc1.Q",0.0142616173564736,"NP"
"PAAC_Xc1.E",0.0176212842399826,"NP"
"PAAC_Xc1.G",1,"NP"
"PAAC_Xc1.H",0.0647719172424868,"NP"
"PAAC_Xc1.I",0.208864204124379,"NP"
"PAAC_Xc1.L",0,"NP"
"PAAC_Xc1.K",0.364413223385353,"NP"
"PAAC_Xc1.M",0.0779202136246999,"NP"
"PAAC_Xc1.F",0.0426294021309111,"NP"
"PAAC_Xc1.P",0.0937020206866556,"NP"
"PAAC_Xc1.S",0.1078539574444,"NP"
"PAAC_Xc1.T",0.15141661295683,"NP"
"PAAC_Xc1.W",0.227236840063228,"NP"
"PAAC_Xc1.Y",0.120263063284074,"NP"
"PAAC_Xc1.V",0.0827503379523159,"NP"
"PAAC_Xc2.lambda1",0.109553830780073,"NP"
"PAAC_Xc2.lambda2",0.0548627676859245,"NP"
"PAAC_Xc2.lambda3",0.521654885100328,"NP"
"PAAC_Xc1.A",0.223150208749849,"NP"
"PAAC_Xc1.R",0.993206994274493,"NP"
"PAAC_Xc1.N",0.887715622561348,"NP"
"PAAC_Xc1.D",0.0619873527116552,"NP"
"PAAC_Xc1.C",0.23194308355969,"NP"
"PAAC_Xc1.Q",0.103120847185974,"NP"
"PAAC_Xc1.E",0.0214620719403632,"NP"
"PAAC_Xc1.G",1,"NP"
"PAAC_Xc1.H",0.0685615172155988,"NP"
"PAAC_Xc1.I",0.221285957801253,"NP"
"PAAC_Xc1.L",0,"NP"
"PAAC_Xc1.K",0.384760492895646,"NP"
"PAAC_Xc1.M",0.141598539663807,"NP"
"PAAC_Xc1.F",0.0565345934734471,"NP"
"PAAC_Xc1.P",0.155891628289186,"NP"
"PAAC_Xc1.S",0.122690919594474,"NP"
"PAAC_Xc1.T",0.176695945625915,"NP"
"PAAC_Xc1.W",0.34576747015289,"NP"
"PAAC_Xc1.Y",0.171598335540963,"NP"
"PAAC_Xc1.V",0.0947231282517226,"NP"
"PAAC_Xc2.lambda1",0.173035015493791,"NP"
"PAAC_Xc2.lambda2",0.0890148970263203,"NP"
"PAAC_Xc2.lambda3",0.581802141040084,"NP"
"PAAC_Xc1.A",0.114117895698608,"NP"
"PAAC_Xc1.R",0.73521539709498,"NP"
"PAAC_Xc1.N",0.760620014379649,"NP"
"PAAC_Xc1.D",0.0241072487957531,"NP"
"PAAC_Xc1.C",0.0603208679578244,"NP"
"PAAC_Xc1.Q",0.0309920036654529,"NP"
"PAAC_Xc1.E",0.0162620206012578,"NP"
"PAAC_Xc1.G",1,"NP"
"PAAC_Xc1.H",0.0302741038164773,"NP"
"PAAC_Xc1.I",0.347099526860297,"NP"
"PAAC_Xc1.L",0,"NP"
"PAAC_Xc1.K",0.175049420675206,"NP"
"PAAC_Xc1.M",0.0747441808245571,"NP"
"PAAC_Xc1.F",0.0589445269231982,"NP"
"PAAC_Xc1.P",0.142126185766611,"NP"
"PAAC_Xc1.S",0.073779491262593,"NP"
"PAAC_Xc1.T",0.0836173421018515,"NP"
"PAAC_Xc1.W",0.22869325286837,"NP"
"PAAC_Xc1.Y",0.0935380428908939,"NP"
"PAAC_Xc1.V",0.0463366480478402,"NP"
"PAAC_Xc2.lambda1",0.116164415573704,"NP"
"PAAC_Xc2.lambda2",0.0320785018001251,"NP"
"PAAC_Xc2.lambda3",0.49820440479154,"NP"
"PAAC_Xc1.A",0.1338725236679,"NP"
"PAAC_Xc1.R",0.543609273965744,"NP"
"PAAC_Xc1.N",0.746063214425087,"NP"
"PAAC_Xc1.D",0.0476498440348601,"NP"
"PAAC_Xc1.C",0.163586887135438,"NP"
"PAAC_Xc1.Q",0.0373038099985468,"NP"
"PAAC_Xc1.E",0.0237049585425864,"NP"
"PAAC_Xc1.G",1,"NP"
"PAAC_Xc1.H",0.0431659510973823,"NP"
"PAAC_Xc1.I",0.256420110215866,"NP"
"PAAC_Xc1.L",0,"NP"
"PAAC_Xc1.K",0.295276783219863,"NP"
"PAAC_Xc1.M",0.0821265768508789,"NP"
"PAAC_Xc1.F",0.0420432666826805,"NP"
"PAAC_Xc1.P",0.0905041293491406,"NP"
"PAAC_Xc1.S",0.0995303144280724,"NP"
"PAAC_Xc1.T",0.140027454495648,"NP"
"PAAC_Xc1.W",0.0709164726621187,"NP"
"PAAC_Xc1.Y",0.0831582918757508,"NP"
"PAAC_Xc1.V",0.0782429719972187,"NP"
"PAAC_Xc2.lambda1",0.101159194170943,"NP"
"PAAC_Xc2.lambda2",0.0469553495494233,"NP"
"PAAC_Xc2.lambda3",0.473516956676227,"NP"
"PAAC_Xc1.A",0.0702271038316646,"NP"
"PAAC_Xc1.R",0.837271365853356,"NP"
"PAAC_Xc1.N",1,"NP"
"PAAC_Xc1.D",0.071446811733119,"NP"
"PAAC_Xc1.C",0.097528205261257,"NP"
"PAAC_Xc1.Q",0.123164930143634,"NP"
"PAAC_Xc1.E",0,"NP"
"PAAC_Xc1.G",0.611122693031219,"NP"
"PAAC_Xc1.H",0.090060916088907,"NP"
"PAAC_Xc1.I",0.10320504327447,"NP"
"PAAC_Xc1.L",0.00826574968128973,"NP"
"PAAC_Xc1.K",0.467626229245613,"NP"
"PAAC_Xc1.M",0.0719266697079318,"NP"
"PAAC_Xc1.F",0.039098018634571,"NP"
"PAAC_Xc1.P",0.118671424859935,"NP"
"PAAC_Xc1.S",0.101657897569279,"NP"
"PAAC_Xc1.T",0.0874523490440265,"NP"
"PAAC_Xc1.W",0.247106806819285,"NP"
"PAAC_Xc1.Y",0.474556848656661,"NP"
"PAAC_Xc1.V",0.0806948003851577,"NP"
"PAAC_Xc2.lambda1",0.0634048666697608,"NP"
"PAAC_Xc2.lambda2",0.0547419631785806,"NP"
"PAAC_Xc2.lambda3",0.388406743304434,"NP"
"PAAC_Xc1.A",0.207474444209104,"NP"
"PAAC_Xc1.R",0.694320753759578,"NP"
"PAAC_Xc1.N",0.795985118895121,"NP"
"PAAC_Xc1.D",0.0189480416112907,"NP"
"PAAC_Xc1.C",0.05619010555793,"NP"
"PAAC_Xc1.Q",0.0625885798294139,"NP"
"PAAC_Xc1.E",0.0118200702866466,"NP"
"PAAC_Xc1.G",1,"NP"
"PAAC_Xc1.H",0,"NP"
"PAAC_Xc1.I",0.212461937866357,"NP"
"PAAC_Xc1.L",0.00240613655215196,"NP"
"PAAC_Xc1.K",0.329927001000374,"NP"
"PAAC_Xc1.M",0.0865194216750584,"NP"
"PAAC_Xc1.F",0.0404846820287594,"NP"
"PAAC_Xc1.P",0.102153535846864,"NP"
"PAAC_Xc1.S",0.0770498139785206,"NP"
"PAAC_Xc1.T",0.106833175799337,"NP"
"PAAC_Xc1.W",0.0900804622167056,"NP"
"PAAC_Xc1.Y",0.0682154865756489,"NP"
"PAAC_Xc1.V",0.0627058456024157,"NP"
"PAAC_Xc2.lambda1",0.082510030600989,"NP"
"PAAC_Xc2.lambda2",0.0249406061434138,"NP"
"PAAC_Xc2.lambda3",0.459090762176653,"NP"
"PAAC_Xc1.A",0.0997493607223383,"NP"
"PAAC_Xc1.R",0.648057508144192,"NP"
"PAAC_Xc1.N",0.497986096253354,"NP"
"PAAC_Xc1.D",0.0114035416581754,"NP"
"PAAC_Xc1.C",0.0558282225065668,"NP"
"PAAC_Xc1.Q",0.0803984906611199,"NP"
"PAAC_Xc1.E",0.0260959330176875,"NP"
"PAAC_Xc1.G",1,"NP"
"PAAC_Xc1.H",0.0364496841134917,"NP"
"PAAC_Xc1.I",0.225493132537594,"NP"
"PAAC_Xc1.L",0,"NP"
"PAAC_Xc1.K",0.125770888055761,"NP"
"PAAC_Xc1.M",0.082483706673567,"NP"
"PAAC_Xc1.F",0.104361601550322,"NP"
"PAAC_Xc1.P",0.23940467206704,"NP"
"PAAC_Xc1.S",0.0341470425280183,"NP"
"PAAC_Xc1.T",0.139693602733959,"NP"
"PAAC_Xc1.W",0.151037153294874,"NP"
"PAAC_Xc1.Y",0.0674624082765721,"NP"
"PAAC_Xc1.V",0.0455693751801129,"NP"
"PAAC_Xc2.lambda1",0.0690678488400586,"NP"
"PAAC_Xc2.lambda2",0.0292722640882597,"NP"
"PAAC_Xc2.lambda3",0.387007164081234,"NP"
"PAAC_Xc1.A",0.122402971929165,"NP"
"PAAC_Xc1.R",0.705403402587305,"NP"
"PAAC_Xc1.N",0.779682573308778,"NP"
"PAAC_Xc1.D",0.0709856273065956,"NP"
"PAAC_Xc1.C",0.0730426461152412,"NP"
"PAAC_Xc1.Q",0.076031327539327,"NP"
"PAAC_Xc1.E",0.0200069186860745,"NP"
"PAAC_Xc1.G",1,"NP"
"PAAC_Xc1.H",0.041590028420358,"NP"
"PAAC_Xc1.I",0.252036341688431,"NP"
"PAAC_Xc1.L",0,"NP"
"PAAC_Xc1.K",0.300546198609486,"NP"
"PAAC_Xc1.M",0.0989255906866874,"NP"
"PAAC_Xc1.F",0.0816980031227588,"NP"
"PAAC_Xc1.P",0.220155450860513,"NP"
"PAAC_Xc1.S",0.0942505471595217,"NP"
"PAAC_Xc1.T",0.115078258092629,"NP"
"PAAC_Xc1.W",0.09227751784761,"NP"
"PAAC_Xc1.Y",0.104828185530542,"NP"
"PAAC_Xc1.V",0.0864595664867081,"NP"
"PAAC_Xc2.lambda1",0.127807313081057,"NP"
"PAAC_Xc2.lambda2",0.0569716304116026,"NP"
"PAAC_Xc2.lambda3",0.466086300368122,"NP"
"PAAC_Xc1.A",0.124132406404706,"NP"
"PAAC_Xc1.R",0.632400586490355,"NP"
"PAAC_Xc1.N",0.873874118890662,"NP"
"PAAC_Xc1.D",0.0501197249455359,"NP"
"PAAC_Xc1.C",0.0826145098359997,"NP"
"PAAC_Xc1.Q",0.0746899007341754,"NP"
"PAAC_Xc1.E",0.0215977747004315,"NP"
"PAAC_Xc1.G",1,"NP"
"PAAC_Xc1.H",0.0597481321314106,"NP"
"PAAC_Xc1.I",0.154078669159866,"NP"
"PAAC_Xc1.L",0,"NP"
"PAAC_Xc1.K",0.196637942266184,"NP"
"PAAC_Xc1.M",0.0632282052282651,"NP"
"PAAC_Xc1.F",0.0934224161974982,"NP"
"PAAC_Xc1.P",0.178541985280508,"NP"
"PAAC_Xc1.S",0.0820943735819944,"NP"
"PAAC_Xc1.T",0.110173710508174,"NP"
"PAAC_Xc1.W",0.129802365710427,"NP"
"PAAC_Xc1.Y",0.0878894995014786,"NP"
"PAAC_Xc1.V",0.0454447690039394,"NP"
"PAAC_Xc2.lambda1",0.139169243174568,"NP"
"PAAC_Xc2.lambda2",0.0212947631501186,"NP"
"PAAC_Xc2.lambda3",0.401337370509803,"NP"
"PAAC_Xc1.A",0.248331547297691,"NP"
"PAAC_Xc1.R",0.469039276227688,"NP"
"PAAC_Xc1.N",0.410540487087951,"NP"
"PAAC_Xc1.D",0.107452003981391,"NP"
"PAAC_Xc1.C",0.179940614753758,"NP"
"PAAC_Xc1.Q",0.0287135572423567,"NP"
"PAAC_Xc1.E",0.0104826334438352,"NP"
"PAAC_Xc1.G",1,"NP"
"PAAC_Xc1.H",0.0867299754669609,"NP"
"PAAC_Xc1.I",0.0683372879794931,"NP"
"PAAC_Xc1.L",0,"NP"
"PAAC_Xc1.K",0.165616810842632,"NP"
"PAAC_Xc1.M",0.475002369192924,"NP"
"PAAC_Xc1.F",0.00527310149083585,"NP"
"PAAC_Xc1.P",0.0287646728710536,"NP"
"PAAC_Xc1.S",0.154698745710453,"NP"
"PAAC_Xc1.T",0.320487652285344,"NP"
"PAAC_Xc1.W",0.128231116564673,"NP"
"PAAC_Xc1.Y",0.257929838106465,"NP"
"PAAC_Xc1.V",0.252364840655664,"NP"
"PAAC_Xc2.lambda1",0.153189725428606,"NP"
"PAAC_Xc2.lambda2",0.110214806176381,"NP"
"PAAC_Xc2.lambda3",0.364916395361142,"NP"
"PAAC_Xc1.A",0.17204430808232,"NP"
"PAAC_Xc1.R",0.707960578426517,"NP"
"PAAC_Xc1.N",0.767111664326406,"NP"
"PAAC_Xc1.D",0.0795524814506383,"NP"
"PAAC_Xc1.C",0.0987947495680202,"NP"
"PAAC_Xc1.Q",0.044427299158327,"NP"
"PAAC_Xc1.E",0.012504387268436,"NP"
"PAAC_Xc1.G",1,"NP"
"PAAC_Xc1.H",0.0721947833118259,"NP"
"PAAC_Xc1.I",0.227417205610494,"NP"
"PAAC_Xc1.L",0,"NP"
"PAAC_Xc1.K",0.425012288653349,"NP"
"PAAC_Xc1.M",0.0917165916039849,"NP"
"PAAC_Xc1.F",0.0781709484376277,"NP"
"PAAC_Xc1.P",0.126740686522624,"NP"
"PAAC_Xc1.S",0.108417096473927,"NP"
"PAAC_Xc1.T",0.159519327621977,"NP"
"PAAC_Xc1.W",0.120994854429964,"NP"
"PAAC_Xc1.Y",0.110379224798854,"NP"
"PAAC_Xc1.V",0.108752237420533,"NP"
"PAAC_Xc2.lambda1",0.124791985524383,"NP"
"PAAC_Xc2.lambda2",0.0601753662992522,"NP"
"PAAC_Xc2.lambda3",0.484133495637988,"NP"
"PAAC_Xc1.A",0.392327705386921,"NP"
"PAAC_Xc1.R",0.767133846942583,"NP"
"PAAC_Xc1.N",1,"NP"
"PAAC_Xc1.D",0.0147698223012132,"NP"
"PAAC_Xc1.C",0.0342625356428707,"NP"
"PAAC_Xc1.Q",0,"NP"
"PAAC_Xc1.E",0.0106572929954845,"NP"
"PAAC_Xc1.G",0.992984691801545,"NP"
"PAAC_Xc1.H",0.0597641644286388,"NP"
"PAAC_Xc1.I",0.0973488255092639,"NP"
"PAAC_Xc1.L",0.0198083513731446,"NP"
"PAAC_Xc1.K",0.584347791752098,"NP"
"PAAC_Xc1.M",0.0695875546743585,"NP"
"PAAC_Xc1.F",0.00267337477628004,"NP"
"PAAC_Xc1.P",0.030522328764783,"NP"
"PAAC_Xc1.S",0.0561030504255745,"NP"
"PAAC_Xc1.T",0.0776260319211554,"NP"
"PAAC_Xc1.W",0.0503713578848519,"NP"
"PAAC_Xc1.Y",0.112951963382189,"NP"
"PAAC_Xc1.V",0.0470752478842422,"NP"
"PAAC_Xc2.lambda1",0.0743549700889144,"NP"
"PAAC_Xc2.lambda2",0.00649228685414248,"NP"
"PAAC_Xc2.lambda3",0.278351417882069,"NP"
"PAAC_Xc1.A",1,"NS1"
"PAAC_Xc1.R",0.0339345820277071,"NS1"
"PAAC_Xc1.N",0.0843816417631324,"NS1"
"PAAC_Xc1.D",0.00922327594979881,"NS1"
"PAAC_Xc1.C",2.70281339578977e-05,"NS1"
"PAAC_Xc1.Q",0.0397102773218081,"NS1"
"PAAC_Xc1.E",0.181075237370275,"NS1"
"PAAC_Xc1.G",0.348121674758299,"NS1"
"PAAC_Xc1.H",0.352652487048348,"NS1"
"PAAC_Xc1.I",0.0369299779092122,"NS1"
"PAAC_Xc1.L",0.127615215489795,"NS1"
"PAAC_Xc1.K",0.0248686203626598,"NS1"
"PAAC_Xc1.M",0.291704134756486,"NS1"
"PAAC_Xc1.F",0.23412256695327,"NS1"
"PAAC_Xc1.P",0.0261601872384289,"NS1"
"PAAC_Xc1.S",0.201045650146799,"NS1"
"PAAC_Xc1.T",0.138873381542376,"NS1"
"PAAC_Xc1.W",0,"NS1"
"PAAC_Xc1.Y",0.0404472004419027,"NS1"
"PAAC_Xc1.V",0.0545991950790221,"NS1"
"PAAC_Xc2.lambda1",0.156387439656934,"NS1"
"PAAC_Xc2.lambda2",0.0739124955450145,"NS1"
"PAAC_Xc2.lambda3",0.403457976491903,"NS1"
"PAAC_Xc1.A",1,"NS1"
"PAAC_Xc1.R",0.0160539992508324,"NS1"
"PAAC_Xc1.N",0.0680666428459793,"NS1"
"PAAC_Xc1.D",0.0113045720161351,"NS1"
"PAAC_Xc1.C",0,"NS1"
"PAAC_Xc1.Q",0.0235432067728138,"NS1"
"PAAC_Xc1.E",0.141926719796356,"NS1"
"PAAC_Xc1.G",0.410957792226025,"NS1"
"PAAC_Xc1.H",0.29484293522344,"NS1"
"PAAC_Xc1.I",0.0464341890649799,"NS1"
"PAAC_Xc1.L",0.148294065940417,"NS1"
"PAAC_Xc1.K",0.039292378541678,"NS1"
"PAAC_Xc1.M",0.274381441651367,"NS1"
"PAAC_Xc1.F",0.251929673651907,"NS1"
"PAAC_Xc1.P",0.00638472135601818,"NS1"
"PAAC_Xc1.S",0.436499255180105,"NS1"
"PAAC_Xc1.T",0.121317979273472,"NS1"
"PAAC_Xc1.W",0.00196474297155842,"NS1"
"PAAC_Xc1.Y",0.0467377177000936,"NS1"
"PAAC_Xc1.V",0.0653032615154925,"NS1"
"PAAC_Xc2.lambda1",0.147381357633775,"NS1"
"PAAC_Xc2.lambda2",0.0883264691592606,"NS1"
"PAAC_Xc2.lambda3",0.435143738223205,"NS1"
"PAAC_Xc1.A",1,"NS1"
"PAAC_Xc1.R",0.0296680280691366,"NS1"
"PAAC_Xc1.N",0.0530303272332525,"NS1"
"PAAC_Xc1.D",0.039837451133913,"NS1"
"PAAC_Xc1.C",0.0050533825853608,"NS1"
"PAAC_Xc1.Q",0.0521403390008693,"NS1"
"PAAC_Xc1.E",0.197302264018083,"NS1"
"PAAC_Xc1.G",0.324969878071526,"NS1"
"PAAC_Xc1.H",0.423119011273748,"NS1"
"PAAC_Xc1.I",0.0642585692793705,"NS1"
"PAAC_Xc1.L",0.187613975635674,"NS1"
"PAAC_Xc1.K",0.0247016376522109,"NS1"
"PAAC_Xc1.M",0.239863822190712,"NS1"
"PAAC_Xc1.F",0.364048211692854,"NS1"
"PAAC_Xc1.P",0.00405095158711531,"NS1"
"PAAC_Xc1.S",0.277746348663753,"NS1"
"PAAC_Xc1.T",0.183298097953012,"NS1"
"PAAC_Xc1.W",0,"NS1"
"PAAC_Xc1.Y",0.0545934230543654,"NS1"
"PAAC_Xc1.V",0.0790445029285769,"NS1"
"PAAC_Xc2.lambda1",0.162983454902806,"NS1"
"PAAC_Xc2.lambda2",0.0575814688575437,"NS1"
"PAAC_Xc2.lambda3",0.281616287594513,"NS1"
"PAAC_Xc1.A",1,"NS1"
"PAAC_Xc1.R",0.0413272574467176,"NS1"
"PAAC_Xc1.N",0.0802841186032734,"NS1"
"PAAC_Xc1.D",0.039968564992892,"NS1"
"PAAC_Xc1.C",0,"NS1"
"PAAC_Xc1.Q",0.09432238296695,"NS1"
"PAAC_Xc1.E",0.243543856386962,"NS1"
"PAAC_Xc1.G",0.312272914969534,"NS1"
"PAAC_Xc1.H",0.246285615591014,"NS1"
"PAAC_Xc1.I",0.12254939252909,"NS1"
"PAAC_Xc1.L",0.268997545973646,"NS1"
"PAAC_Xc1.K",0.0618804583439421,"NS1"
"PAAC_Xc1.M",0.158546174869098,"NS1"
"PAAC_Xc1.F",0.397180616206244,"NS1"
"PAAC_Xc1.P",0.0709945747178616,"NS1"
"PAAC_Xc1.S",0.204455288171848,"NS1"
"PAAC_Xc1.T",0.176137197331589,"NS1"
"PAAC_Xc1.W",0.00833351944673797,"NS1"
"PAAC_Xc1.Y",0.0573892143543856,"NS1"
"PAAC_Xc1.V",0.0819121872990194,"NS1"
"PAAC_Xc2.lambda1",0.188112440920977,"NS1"
"PAAC_Xc2.lambda2",0.0745325317763636,"NS1"
"PAAC_Xc2.lambda3",0.235380074244941,"NS1"
"PAAC_Xc1.A",1,"NS1"
"PAAC_Xc1.R",0.018625903357289,"NS1"
"PAAC_Xc1.N",0.0848081558668756,"NS1"
"PAAC_Xc1.D",0,"NS1"
"PAAC_Xc1.C",0.0035588052391275,"NS1"
"PAAC_Xc1.Q",0.0387477007854023,"NS1"
"PAAC_Xc1.E",0.159076032080418,"NS1"
"PAAC_Xc1.G",0.455183381327326,"NS1"
"PAAC_Xc1.H",0.311363830898692,"NS1"
"PAAC_Xc1.I",0.04451114546156,"NS1"
"PAAC_Xc1.L",0.1151818935838,"NS1"
"PAAC_Xc1.K",0.0353129804060057,"NS1"
"PAAC_Xc1.M",0.359026282203315,"NS1"
"PAAC_Xc1.F",0.26939119141514,"NS1"
"PAAC_Xc1.P",0.0125286963584728,"NS1"
"PAAC_Xc1.S",0.321184628511889,"NS1"
"PAAC_Xc1.T",0.148700122415939,"NS1"
"PAAC_Xc1.W",0.0135447668485342,"NS1"
"PAAC_Xc1.Y",0.0596330684922934,"NS1"
"PAAC_Xc1.V",0.0823433760926969,"NS1"
"PAAC_Xc2.lambda1",0.184274327417226,"NS1"
"PAAC_Xc2.lambda2",0.0941085497454793,"NS1"
"PAAC_Xc2.lambda3",0.301388726343407,"NS1"
"PAAC_Xc1.A",0.602110979123291,"NS1"
"PAAC_Xc1.R",0.00830670474981507,"NS1"
"PAAC_Xc1.N",0.0544973131876671,"NS1"
"PAAC_Xc1.D",0.01690845762382,"NS1"
"PAAC_Xc1.C",0,"NS1"
"PAAC_Xc1.Q",0.0291702646378931,"NS1"
"PAAC_Xc1.E",0.0978053515405199,"NS1"
"PAAC_Xc1.G",1,"NS1"
"PAAC_Xc1.H",0.627168383864617,"NS1"
"PAAC_Xc1.I",0.00621230046504658,"NS1"
"PAAC_Xc1.L",0.10522932730645,"NS1"
"PAAC_Xc1.K",0.120783021795724,"NS1"
"PAAC_Xc1.M",0.371965249817639,"NS1"
"PAAC_Xc1.F",0.221686761247906,"NS1"
"PAAC_Xc1.P",0.00478351371128758,"NS1"
"PAAC_Xc1.S",0.402574671481153,"NS1"
"PAAC_Xc1.T",0.070039152043233,"NS1"
"PAAC_Xc1.W",0.0143758436651889,"NS1"
"PAAC_Xc1.Y",0.0472625722595868,"NS1"
"PAAC_Xc1.V",0.0997940284524922,"NS1"
"PAAC_Xc2.lambda1",0.108343594390651,"NS1"
"PAAC_Xc2.lambda2",0.128875604305541,"NS1"
"PAAC_Xc2.lambda3",0.105436808486026,"NS1"
"PAAC_Xc1.A",1,"NS1"
"PAAC_Xc1.R",0.0371466019858656,"NS1"
"PAAC_Xc1.N",0.0662855250613198,"NS1"
"PAAC_Xc1.D",0.00375508749241994,"NS1"
"PAAC_Xc1.C",0.00612160736842686,"NS1"
"PAAC_Xc1.Q",0.0512303971781183,"NS1"
"PAAC_Xc1.E",0.169250696362115,"NS1"
"PAAC_Xc1.G",0.300214763269967,"NS1"
"PAAC_Xc1.H",0.127301062306064,"NS1"
"PAAC_Xc1.I",0.0515649641089586,"NS1"
"PAAC_Xc1.L",0.133726726455369,"NS1"
"PAAC_Xc1.K",0.043977743508155,"NS1"
"PAAC_Xc1.M",0.263424076729595,"NS1"
"PAAC_Xc1.F",0.350639549483804,"NS1"
"PAAC_Xc1.P",0.0217542669453522,"NS1"
"PAAC_Xc1.S",0.200434919504575,"NS1"
"PAAC_Xc1.T",0.0810681579713266,"NS1"
"PAAC_Xc1.W",0,"NS1"
"PAAC_Xc1.Y",0.0570480952352362,"NS1"
"PAAC_Xc1.V",0.0511360724293575,"NS1"
"PAAC_Xc2.lambda1",0.159589954869397,"NS1"
"PAAC_Xc2.lambda2",0.0527055141939258,"NS1"
"PAAC_Xc2.lambda3",0.539401889154619,"NS1"
"PAAC_Xc1.A",1,"NS1"
"PAAC_Xc1.R",0.0277891148071674,"NS1"
"PAAC_Xc1.N",0.0740435073129175,"NS1"
"PAAC_Xc1.D",0.0134903137702097,"NS1"
"PAAC_Xc1.C",0,"NS1"
"PAAC_Xc1.Q",0.112247748930213,"NS1"
"PAAC_Xc1.E",0.276078914093618,"NS1"
"PAAC_Xc1.G",0.171570960874638,"NS1"
"PAAC_Xc1.H",0.21563491032501,"NS1"
"PAAC_Xc1.I",0.154768872052952,"NS1"
"PAAC_Xc1.L",0.312009866175478,"NS1"
"PAAC_Xc1.K",0.0559538097353165,"NS1"
"PAAC_Xc1.M",0.170215937563206,"NS1"
"PAAC_Xc1.F",0.456107399816023,"NS1"
"PAAC_Xc1.P",0.0860753869680941,"NS1"
"PAAC_Xc1.S",0.166097313134155,"NS1"
"PAAC_Xc1.T",0.120743987118872,"NS1"
"PAAC_Xc1.W",0.00128532057405157,"NS1"
"PAAC_Xc1.Y",0.0848976595475429,"NS1"
"PAAC_Xc1.V",0.0441030441656715,"NS1"
"PAAC_Xc2.lambda1",0.190278230312532,"NS1"
"PAAC_Xc2.lambda2",0.0800354494139634,"NS1"
"PAAC_Xc2.lambda3",0.195867873216383,"NS1"
"PAAC_Xc1.A",1,"NS1"
"PAAC_Xc1.R",0.0230368733726277,"NS1"
"PAAC_Xc1.N",0.0675098889874993,"NS1"
"PAAC_Xc1.D",0.00841410403991773,"NS1"
"PAAC_Xc1.C",0.00275513217021043,"NS1"
"PAAC_Xc1.Q",0.0646270298903728,"NS1"
"PAAC_Xc1.E",0.194519109785793,"NS1"
"PAAC_Xc1.G",0.396970096301703,"NS1"
"PAAC_Xc1.H",0.107168022553788,"NS1"
"PAAC_Xc1.I",0.0990463633776729,"NS1"
"PAAC_Xc1.L",0.276943503199366,"NS1"
"PAAC_Xc1.K",0.0392780262587713,"NS1"
"PAAC_Xc1.M",0.235236505800273,"NS1"
"PAAC_Xc1.F",0.353008644808581,"NS1"
"PAAC_Xc1.P",0.0465454962995609,"NS1"
"PAAC_Xc1.S",0.217595169419243,"NS1"
"PAAC_Xc1.T",0.172749706348523,"NS1"
"PAAC_Xc1.W",0,"NS1"
"PAAC_Xc1.Y",0.0750803619782349,"NS1"
"PAAC_Xc1.V",0.0748068738570096,"NS1"
"PAAC_Xc2.lambda1",0.203944650055422,"NS1"
"PAAC_Xc2.lambda2",0.0707668811754984,"NS1"
"PAAC_Xc2.lambda3",0.36202667299235,"NS1"
"PAAC_Xc1.A",1,"NS1"
"PAAC_Xc1.R",0.0165048225271862,"NS1"
"PAAC_Xc1.N",0.0689616330602544,"NS1"
"PAAC_Xc1.D",0.00488003483738438,"NS1"
"PAAC_Xc1.C",0.0033437892520452,"NS1"
"PAAC_Xc1.Q",0.0671201780676908,"NS1"
"PAAC_Xc1.E",0.156576106814929,"NS1"
"PAAC_Xc1.G",0.441184240305662,"NS1"
"PAAC_Xc1.H",0.154719108080038,"NS1"
"PAAC_Xc1.I",0.0859900865515172,"NS1"
"PAAC_Xc1.L",0.237369033011733,"NS1"
"PAAC_Xc1.K",0.0394730282471856,"NS1"
"PAAC_Xc1.M",0.279706114379846,"NS1"
"PAAC_Xc1.F",0.427083041386452,"NS1"
"PAAC_Xc1.P",0.0304935049826795,"NS1"
"PAAC_Xc1.S",0.243777551452231,"NS1"
"PAAC_Xc1.T",0.100656040741797,"NS1"
"PAAC_Xc1.W",0,"NS1"
"PAAC_Xc1.Y",0.0547073432251883,"NS1"
"PAAC_Xc1.V",0.0803861521152593,"NS1"
"PAAC_Xc2.lambda1",0.174391089210087,"NS1"
"PAAC_Xc2.lambda2",0.109235735906187,"NS1"
"PAAC_Xc2.lambda3",0.336209609274065,"NS1"
"PAAC_Xc1.A",1,"NS1"
"PAAC_Xc1.R",0.0967583163350593,"NS1"
"PAAC_Xc1.N",0.116382081947518,"NS1"
"PAAC_Xc1.D",0.105319792337033,"NS1"
"PAAC_Xc1.C",0.0599984131792779,"NS1"
"PAAC_Xc1.Q",0.00157557322656565,"NS1"
"PAAC_Xc1.E",0.107317580130627,"NS1"
"PAAC_Xc1.G",0.151669393501479,"NS1"
"PAAC_Xc1.H",0.109664179004151,"NS1"
"PAAC_Xc1.I",0,"NS1"
"PAAC_Xc1.L",0.0456305711473361,"NS1"
"PAAC_Xc1.K",0.141502727546926,"NS1"
"PAAC_Xc1.M",0.14748611827427,"NS1"
"PAAC_Xc1.F",0.0289015544978955,"NS1"
"PAAC_Xc1.P",0.000453398747667695,"NS1"
"PAAC_Xc1.S",0.55342869192269,"NS1"
"PAAC_Xc1.T",0.290710280354193,"NS1"
"PAAC_Xc1.W",0.0443510609568332,"NS1"
"PAAC_Xc1.Y",0.112462682763307,"NS1"
"PAAC_Xc1.V",0.0763611214092511,"NS1"
"PAAC_Xc2.lambda1",0.300825543338209,"NS1"
"PAAC_Xc2.lambda2",0.119157652003063,"NS1"
"PAAC_Xc2.lambda3",0.250632088335198,"NS1"
"PAAC_Xc1.A",1,"NS1"
"PAAC_Xc1.R",0.0240707559454596,"NS1"
"PAAC_Xc1.N",0.0891534930657601,"NS1"
"PAAC_Xc1.D",0.00502229015820286,"NS1"
"PAAC_Xc1.C",0.00452412129512251,"NS1"
"PAAC_Xc1.Q",0.0113007064151968,"NS1"
"PAAC_Xc1.E",0.154875744239324,"NS1"
"PAAC_Xc1.G",0.430523441026333,"NS1"
"PAAC_Xc1.H",0.331859284253635,"NS1"
"PAAC_Xc1.I",0.0285655164604876,"NS1"
"PAAC_Xc1.L",0.0846855506671481,"NS1"
"PAAC_Xc1.K",0.0362872731842026,"NS1"
"PAAC_Xc1.M",0.343480108816045,"NS1"
"PAAC_Xc1.F",0.290923585827473,"NS1"
"PAAC_Xc1.P",0.0352048347168057,"NS1"
"PAAC_Xc1.S",0.236292223912936,"NS1"
"PAAC_Xc1.T",0.113485459909953,"NS1"
"PAAC_Xc1.W",0,"NS1"
"PAAC_Xc1.Y",0.0516813492022163,"NS1"
"PAAC_Xc1.V",0.0528898503128042,"NS1"
"PAAC_Xc2.lambda1",0.127919631091478,"NS1"
"PAAC_Xc2.lambda2",0.0926755986589546,"NS1"
"PAAC_Xc2.lambda3",0.36142391419674,"NS1"
"PAAC_Xc1.A",1,"NS1"
"PAAC_Xc1.R",0.0135965577417918,"NS1"
"PAAC_Xc1.N",0.0448145638387328,"NS1"
"PAAC_Xc1.D",0.0140103835696322,"NS1"
"PAAC_Xc1.C",0.0173488318198841,"NS1"
"PAAC_Xc1.Q",0.00651873201782017,"NS1"
"PAAC_Xc1.E",0.0445123997340166,"NS1"
"PAAC_Xc1.G",0.571612098424545,"NS1"
"PAAC_Xc1.H",0.278971521841098,"NS1"
"PAAC_Xc1.I",0.0113339666627248,"NS1"
"PAAC_Xc1.L",0.0774980438565819,"NS1"
"PAAC_Xc1.K",0.180971610867943,"NS1"
"PAAC_Xc1.M",0.424846647208978,"NS1"
"PAAC_Xc1.F",0.118388897559391,"NS1"
"PAAC_Xc1.P",0,"NS1"
"PAAC_Xc1.S",0.252697247708889,"NS1"
"PAAC_Xc1.T",0.0520596734028305,"NS1"
"PAAC_Xc1.W",0.0259469432475766,"NS1"
"PAAC_Xc1.Y",0.0552714616802199,"NS1"
"PAAC_Xc1.V",0.0604312876379252,"NS1"
"PAAC_Xc2.lambda1",0.094138031424156,"NS1"
"PAAC_Xc2.lambda2",0.107310971341689,"NS1"
"PAAC_Xc2.lambda3",0.411194596282111,"NS1"
"PAAC_Xc1.A",0.201083137188701,"PA"
"PAAC_Xc1.R",0.545326415628764,"PA"
"PAAC_Xc1.N",0.472483746602084,"PA"
"PAAC_Xc1.D",0.152173840985502,"PA"
"PAAC_Xc1.C",0.891271327232611,"PA"
"PAAC_Xc1.Q",0,"PA"
"PAAC_Xc1.E",0.0997336178806193,"PA"
"PAAC_Xc1.G",1,"PA"
"PAAC_Xc1.H",0.193337942998837,"PA"
"PAAC_Xc1.I",0.00822145612510899,"PA"
"PAAC_Xc1.L",0.0535966760048265,"PA"
"PAAC_Xc1.K",0.183617175384786,"PA"
"PAAC_Xc1.M",0.191698516317579,"PA"
"PAAC_Xc1.F",0.00221473954018427,"PA"
"PAAC_Xc1.P",0.108516583547761,"PA"
"PAAC_Xc1.S",0.331356496258703,"PA"
"PAAC_Xc1.T",0.680521298362286,"PA"
"PAAC_Xc1.W",0.22302946056571,"PA"
"PAAC_Xc1.Y",0.250073183850307,"PA"
"PAAC_Xc1.V",0.135312613509354,"PA"
"PAAC_Xc2.lambda1",0.598611983882397,"PA"
"PAAC_Xc2.lambda2",0.167894180781103,"PA"
"PAAC_Xc2.lambda3",0.189589436710953,"PA"
"PAAC_Xc1.A",0.236434187806694,"PA"
"PAAC_Xc1.R",0.689338107689662,"PA"
"PAAC_Xc1.N",0.648107368302058,"PA"
"PAAC_Xc1.D",0.187944477244942,"PA"
"PAAC_Xc1.C",1,"PA"
"PAAC_Xc1.Q",0,"PA"
"PAAC_Xc1.E",0.0706754791509795,"PA"
"PAAC_Xc1.G",0.864734224864194,"PA"
"PAAC_Xc1.H",0.164322674549772,"PA"
"PAAC_Xc1.I",0.0251229440084237,"PA"
"PAAC_Xc1.L",0.0600709465272739,"PA"
"PAAC_Xc1.K",0.2186596672371,"PA"
"PAAC_Xc1.M",0.229480689754936,"PA"
"PAAC_Xc1.F",0.00846327125066829,"PA"
"PAAC_Xc1.P",0.0908552160582029,"PA"
"PAAC_Xc1.S",0.36941332474992,"PA"
"PAAC_Xc1.T",0.671813331155159,"PA"
"PAAC_Xc1.W",0.203406480320932,"PA"
"PAAC_Xc1.Y",0.30565970608627,"PA"
"PAAC_Xc1.V",0.152394490201175,"PA"
"PAAC_Xc2.lambda1",0.624871392758108,"PA"
"PAAC_Xc2.lambda2",0.154783102325273,"PA"
"PAAC_Xc2.lambda3",0.264775535759645,"PA"
"PAAC_Xc1.A",0.27133850743893,"PA"
"PAAC_Xc1.R",0.780578330886396,"PA"
"PAAC_Xc1.N",0.641158153755051,"PA"
"PAAC_Xc1.D",0.169174515918785,"PA"
"PAAC_Xc1.C",1,"PA"
"PAAC_Xc1.Q",0.00223146558990803,"PA"
"PAAC_Xc1.E",0.118099311937103,"PA"
"PAAC_Xc1.G",0.770321315992247,"PA"
"PAAC_Xc1.H",0.101645120348232,"PA"
"PAAC_Xc1.I",0.0402773423433493,"PA"
"PAAC_Xc1.L",0.0882896778918335,"PA"
"PAAC_Xc1.K",0.220048743516233,"PA"
"PAAC_Xc1.M",0.18624489012126,"PA"
"PAAC_Xc1.F",0,"PA"
"PAAC_Xc1.P",0.110360739582941,"PA"
"PAAC_Xc1.S",0.378039399537319,"PA"
"PAAC_Xc1.T",0.669975224314239,"PA"
"PAAC_Xc1.W",0.126701051116911,"PA"
"PAAC_Xc1.Y",0.221533148069138,"PA"
"PAAC_Xc1.V",0.155151180479502,"PA"
"PAAC_Xc2.lambda1",0.627476195904651,"PA"
"PAAC_Xc2.lambda2",0.156630341813748,"PA"
"PAAC_Xc2.lambda3",0.211098995190351,"PA"
"PAAC_Xc1.A",0.201658187215598,"PA"
"PAAC_Xc1.R",0.622590908626756,"PA"
"PAAC_Xc1.N",0.353494947051148,"PA"
"PAAC_Xc1.D",0.11734891375251,"PA"
"PAAC_Xc1.C",1,"PA"
"PAAC_Xc1.Q",0,"PA"
"PAAC_Xc1.E",0.17319713621703,"PA"
"PAAC_Xc1.G",0.829350772810488,"PA"
"PAAC_Xc1.H",0.0633973873720765,"PA"
"PAAC_Xc1.I",0.109479011217023,"PA"
"PAAC_Xc1.L",0.106529570251316,"PA"
"PAAC_Xc1.K",0.187507614433358,"PA"
"PAAC_Xc1.M",0.152357804412769,"PA"
"PAAC_Xc1.F",0.0204570952080189,"PA"
"PAAC_Xc1.P",0.206812547847932,"PA"
"PAAC_Xc1.S",0.301135184906028,"PA"
"PAAC_Xc1.T",0.466492850563608,"PA"
"PAAC_Xc1.W",0.14393753716755,"PA"
"PAAC_Xc1.Y",0.123057850786397,"PA"
"PAAC_Xc1.V",0.105647968584526,"PA"
"PAAC_Xc2.lambda1",0.712680937335099,"PA"
"PAAC_Xc2.lambda2",0.11191951101002,"PA"
"PAAC_Xc2.lambda3",0.176259562541445,"PA"
"PAAC_Xc1.A",0.216405321751671,"PA"
"PAAC_Xc1.R",0.447574574039901,"PA"
"PAAC_Xc1.N",0.620999461422843,"PA"
"PAAC_Xc1.D",0.151959420948503,"PA"
"PAAC_Xc1.C",1,"PA"
"PAAC_Xc1.Q",0.00353223697346756,"PA"
"PAAC_Xc1.E",0.0617880512830478,"PA"
"PAAC_Xc1.G",0.72588637130915,"PA"
"PAAC_Xc1.H",0.13982078836749,"PA"
"PAAC_Xc1.I",0.0106584378734056,"PA"
"PAAC_Xc1.L",0.0509107696973016,"PA"
"PAAC_Xc1.K",0.13657934667053,"PA"
"PAAC_Xc1.M",0.219502723858617,"PA"
"PAAC_Xc1.F",0,"PA"
"PAAC_Xc1.P",0.0745185235986967,"PA"
"PAAC_Xc1.S",0.346903523528573,"PA"
"PAAC_Xc1.T",0.719254330692303,"PA"
"PAAC_Xc1.W",0.201424441217178,"PA"
"PAAC_Xc1.Y",0.251328269806406,"PA"
"PAAC_Xc1.V",0.136443037828511,"PA"
"PAAC_Xc2.lambda1",0.492372692841279,"PA"
"PAAC_Xc2.lambda2",0.115544343694187,"PA"
"PAAC_Xc2.lambda3",0.193677568270123,"PA"
"PAAC_Xc1.A",0.153046523841661,"PA"
"PAAC_Xc1.R",0.697547806386884,"PA"
"PAAC_Xc1.N",0.795273700707062,"PA"
"PAAC_Xc1.D",0.148122154678603,"PA"
"PAAC_Xc1.C",1,"PA"
"PAAC_Xc1.Q",0,"PA"
"PAAC_Xc1.E",0.0613414933868141,"PA"
"PAAC_Xc1.G",0.288826139517782,"PA"
"PAAC_Xc1.H",0.0753344137472023,"PA"
"PAAC_Xc1.I",0.0128810987807061,"PA"
"PAAC_Xc1.L",0.0457178168290679,"PA"
"PAAC_Xc1.K",0.273030026775319,"PA"
"PAAC_Xc1.M",0.439565623169508,"PA"
"PAAC_Xc1.F",0.0173322463786227,"PA"
"PAAC_Xc1.P",0.0601959888427112,"PA"
"PAAC_Xc1.S",0.0992660080800336,"PA"
"PAAC_Xc1.T",0.419826346432113,"PA"
"PAAC_Xc1.W",0.0747265408709888,"PA"
"PAAC_Xc1.Y",0.0952604743504686,"PA"
"PAAC_Xc1.V",0.0979824333688108,"PA"
"PAAC_Xc2.lambda1",0.276137883522545,"PA"
"PAAC_Xc2.lambda2",0.0882285267161139,"PA"
"PAAC_Xc2.lambda3",0.111198598447537,"PA"
"PAAC_Xc1.A",0.161509620825033,"PA"
"PAAC_Xc1.R",0.312651381088693,"PA"
"PAAC_Xc1.N",0.310696743547512,"PA"
"PAAC_Xc1.D",0.0840930219494843,"PA"
"PAAC_Xc1.C",0.794250180902532,"PA"
"PAAC_Xc1.Q",0,"PA"
"PAAC_Xc1.E",0.124135220586309,"PA"
"PAAC_Xc1.G",1,"PA"
"PAAC_Xc1.H",0.279046728358193,"PA"
"PAAC_Xc1.I",0.0326770209802102,"PA"
"PAAC_Xc1.L",0.0717587542643271,"PA"
"PAAC_Xc1.K",0.13347917724314,"PA"
"PAAC_Xc1.M",0.147316930022863,"PA"
"PAAC_Xc1.F",0.0156407002901723,"PA"
"PAAC_Xc1.P",0.0822866005163825,"PA"
"PAAC_Xc1.S",0.335197722729996,"PA"
"PAAC_Xc1.T",0.958538585962025,"PA"
"PAAC_Xc1.W",0.350793135656611,"PA"
"PAAC_Xc1.Y",0.241480193403034,"PA"
"PAAC_Xc1.V",0.077945324169455,"PA"
"PAAC_Xc2.lambda1",0.529336829125384,"PA"
"PAAC_Xc2.lambda2",0.12399896694866,"PA"
"PAAC_Xc2.lambda3",0.173837298268212,"PA"
"PAAC_Xc1.A",0.158578529327036,"PA"
"PAAC_Xc1.R",0.143403886585983,"PA"
"PAAC_Xc1.N",0.199638399616577,"PA"
"PAAC_Xc1.D",0.12232437331857,"PA"
"PAAC_Xc1.C",1,"PA"
"PAAC_Xc1.Q",0,"PA"
"PAAC_Xc1.E",0.16112059792976,"PA"
"PAAC_Xc1.G",0.865517310448302,"PA"
"PAAC_Xc1.H",0.120888145100109,"PA"
"PAAC_Xc1.I",0.0526291978748728,"PA"
"PAAC_Xc1.L",0.104763449285556,"PA"
"PAAC_Xc1.K",0.0895349589225703,"PA"
"PAAC_Xc1.M",0.175314127914003,"PA"
"PAAC_Xc1.F",0.0341599000003287,"PA"
"PAAC_Xc1.P",0.267264388696794,"PA"
"PAAC_Xc1.S",0.211866231283891,"PA"
"PAAC_Xc1.T",0.62862697364466,"PA"
"PAAC_Xc1.W",0.140646335039368,"PA"
"PAAC_Xc1.Y",0.365315890091985,"PA"
"PAAC_Xc1.V",0.0815832550638729,"PA"
"PAAC_Xc2.lambda1",0.586731519728155,"PA"
"PAAC_Xc2.lambda2",0.142975483406725,"PA"
"PAAC_Xc2.lambda3",0.251963586726998,"PA"
"PAAC_Xc1.A",0.178699931490348,"PA"
"PAAC_Xc1.R",0.355496899624993,"PA"
"PAAC_Xc1.N",0.55215745899534,"PA"
"PAAC_Xc1.D",0.145955328172413,"PA"
"PAAC_Xc1.C",1,"PA"
"PAAC_Xc1.Q",0,"PA"
"PAAC_Xc1.E",0.123016624355677,"PA"
"PAAC_Xc1.G",0.89321135397318,"PA"
"PAAC_Xc1.H",0.183584605237988,"PA"
"PAAC_Xc1.I",0.0161428847282468,"PA"
"PAAC_Xc1.L",0.0701619915455263,"PA"
"PAAC_Xc1.K",0.138795789906029,"PA"
"PAAC_Xc1.M",0.193300498150211,"PA"
"PAAC_Xc1.F",0.00620208151920524,"PA"
"PAAC_Xc1.P",0.173383775210522,"PA"
"PAAC_Xc1.S",0.279162735905781,"PA"
"PAAC_Xc1.T",0.554999087745443,"PA"
"PAAC_Xc1.W",0.222809413152705,"PA"
"PAAC_Xc1.Y",0.282554761069679,"PA"
"PAAC_Xc1.V",0.13593357141518,"PA"
"PAAC_Xc2.lambda1",0.510712543084822,"PA"
"PAAC_Xc2.lambda2",0.136098868785687,"PA"
"PAAC_Xc2.lambda3",0.19045627090589,"PA"
"PAAC_Xc1.A",0.156050149049336,"PA"
"PAAC_Xc1.R",0.522780645760978,"PA"
"PAAC_Xc1.N",0.39826631686496,"PA"
"PAAC_Xc1.D",0.127569543522492,"PA"
"PAAC_Xc1.C",1,"PA"
"PAAC_Xc1.Q",0,"PA"
"PAAC_Xc1.E",0.0982340333625791,"PA"
"PAAC_Xc1.G",0.99051082511071,"PA"
"PAAC_Xc1.H",0.148157018231666,"PA"
"PAAC_Xc1.I",0.0463303993677846,"PA"
"PAAC_Xc1.L",0.0740209487079643,"PA"
"PAAC_Xc1.K",0.135765883861862,"PA"
"PAAC_Xc1.M",0.199767148378894,"PA"
"PAAC_Xc1.F",0.0121091684057115,"PA"
"PAAC_Xc1.P",0.117779159629649,"PA"
"PAAC_Xc1.S",0.299280559963677,"PA"
"PAAC_Xc1.T",0.573894254743075,"PA"
"PAAC_Xc1.W",0.273141283816984,"PA"
"PAAC_Xc1.Y",0.289298267815363,"PA"
"PAAC_Xc1.V",0.109225035912336,"PA"
"PAAC_Xc2.lambda1",0.573816391906211,"PA"
"PAAC_Xc2.lambda2",0.144221826585524,"PA"
"PAAC_Xc2.lambda3",0.178134611346658,"PA"
"PAAC_Xc1.A",0.389471854591856,"PA"
"PAAC_Xc1.R",0.249251683293843,"PA"
"PAAC_Xc1.N",0.143652437063668,"PA"
"PAAC_Xc1.D",0.313422972950078,"PA"
"PAAC_Xc1.C",0.288053848917839,"PA"
"PAAC_Xc1.Q",0.0161774860447721,"PA"
"PAAC_Xc1.E",0.0109083520304742,"PA"
"PAAC_Xc1.G",0.574786345317864,"PA"
"PAAC_Xc1.H",0.264425793108696,"PA"
"PAAC_Xc1.I",0,"PA"
"PAAC_Xc1.L",0.0148203119703271,"PA"
"PAAC_Xc1.K",0.275162753689949,"PA"
"PAAC_Xc1.M",0.177342101803458,"PA"
"PAAC_Xc1.F",0.00612366699378807,"PA"
"PAAC_Xc1.P",0.0129829894768013,"PA"
"PAAC_Xc1.S",1,"PA"
"PAAC_Xc1.T",0.638244133595783,"PA"
"PAAC_Xc1.W",0.368050323780925,"PA"
"PAAC_Xc1.Y",0.513550786462794,"PA"
"PAAC_Xc1.V",0.272678448585137,"PA"
"PAAC_Xc2.lambda1",0.248427385801191,"PA"
"PAAC_Xc2.lambda2",0.266647764497411,"PA"
"PAAC_Xc2.lambda3",0.221524525166188,"PA"
"PAAC_Xc1.A",0.178904421715118,"PA"
"PAAC_Xc1.R",0.363112503036496,"PA"
"PAAC_Xc1.N",0.521318372250602,"PA"
"PAAC_Xc1.D",0.155658494390826,"PA"
"PAAC_Xc1.C",1,"PA"
"PAAC_Xc1.Q",0,"PA"
"PAAC_Xc1.E",0.0700624854595214,"PA"
"PAAC_Xc1.G",0.926632088412474,"PA"
"PAAC_Xc1.H",0.183231586069409,"PA"
"PAAC_Xc1.I",0.0163423725070588,"PA"
"PAAC_Xc1.L",0.0470713546334885,"PA"
"PAAC_Xc1.K",0.12122208546331,"PA"
"PAAC_Xc1.M",0.235080966080505,"PA"
"PAAC_Xc1.F",0.0123442730074944,"PA"
"PAAC_Xc1.P",0.0925862684957299,"PA"
"PAAC_Xc1.S",0.282673507107482,"PA"
"PAAC_Xc1.T",0.761250467837098,"PA"
"PAAC_Xc1.W",0.243253434512079,"PA"
"PAAC_Xc1.Y",0.298397329567653,"PA"
"PAAC_Xc1.V",0.103114501569042,"PA"
"PAAC_Xc2.lambda1",0.504679114377728,"PA"
"PAAC_Xc2.lambda2",0.139602467169453,"PA"
"PAAC_Xc2.lambda3",0.18205362062303,"PA"
"PAAC_Xc1.A",0.269500834028609,"PA"
"PAAC_Xc1.R",0.31358464662247,"PA"
"PAAC_Xc1.N",0.591406198594805,"PA"
"PAAC_Xc1.D",0.136146236857365,"PA"
"PAAC_Xc1.C",1,"PA"
"PAAC_Xc1.Q",0,"PA"
"PAAC_Xc1.E",0.0140279333459434,"PA"
"PAAC_Xc1.G",0.60088593688719,"PA"
"PAAC_Xc1.H",0.155270942567787,"PA"
"PAAC_Xc1.I",0.0045694067830466,"PA"
"PAAC_Xc1.L",0.0071619034636493,"PA"
"PAAC_Xc1.K",0.103433267477364,"PA"
"PAAC_Xc1.M",0.131968453557287,"PA"
"PAAC_Xc1.F",0.0166127046880249,"PA"
"PAAC_Xc1.P",0.0230716494895187,"PA"
"PAAC_Xc1.S",0.260256259547641,"PA"
"PAAC_Xc1.T",0.797470397762392,"PA"
"PAAC_Xc1.W",0.287521897610807,"PA"
"PAAC_Xc1.Y",0.164602449419727,"PA"
"PAAC_Xc1.V",0.0595342707382901,"PA"
"PAAC_Xc2.lambda1",0.187160432650269,"PA"
"PAAC_Xc2.lambda2",0.0767069385743144,"PA"
"PAAC_Xc2.lambda3",0.075380989895216,"PA"
"PAAC_Xc1.A",0.209832917789883,"PB1"
"PAAC_Xc1.R",0.235295148257081,"PB1"
"PAAC_Xc1.N",0.102288339089443,"PB1"
"PAAC_Xc1.D",0.53658129457064,"PB1"
"PAAC_Xc1.C",0.0255565454669173,"PB1"
"PAAC_Xc1.Q",0.137908942616126,"PB1"
"PAAC_Xc1.E",0.129786373149635,"PB1"
"PAAC_Xc1.G",0.00184951880981063,"PB1"
"PAAC_Xc1.H",0,"PB1"
"PAAC_Xc1.I",0.0921794276162957,"PB1"
"PAAC_Xc1.L",0.0717124223613714,"PB1"
"PAAC_Xc1.K",0.648204723526565,"PB1"
"PAAC_Xc1.M",0.11267971902067,"PB1"
"PAAC_Xc1.F",0.0157063432933425,"PB1"
"PAAC_Xc1.P",0.340142056864534,"PB1"
"PAAC_Xc1.S",1,"PB1"
"PAAC_Xc1.T",0.154083900377752,"PB1"
"PAAC_Xc1.W",0.0198000836518075,"PB1"
"PAAC_Xc1.Y",0.0185665606391728,"PB1"
"PAAC_Xc1.V",0.232331653660638,"PB1"
"PAAC_Xc2.lambda1",0.905146884224795,"PB1"
"PAAC_Xc2.lambda2",0.409382381655275,"PB1"
"PAAC_Xc2.lambda3",0.232454830729106,"PB1"
"PAAC_Xc1.A",0.232119301059929,"PB1"
"PAAC_Xc1.R",0.169668337508157,"PB1"
"PAAC_Xc1.N",0.0537497571535996,"PB1"
"PAAC_Xc1.D",0.527030585114067,"PB1"
"PAAC_Xc1.C",0.0362194459069954,"PB1"
"PAAC_Xc1.Q",0.0427596651584116,"PB1"
"PAAC_Xc1.E",0.0755427841128345,"PB1"
"PAAC_Xc1.G",0,"PB1"
"PAAC_Xc1.H",0.00130522641061346,"PB1"
"PAAC_Xc1.I",0.106034168992472,"PB1"
"PAAC_Xc1.L",0.0142512712262437,"PB1"
"PAAC_Xc1.K",0.697883867488837,"PB1"
"PAAC_Xc1.M",0.12178881229237,"PB1"
"PAAC_Xc1.F",0.0518870190282642,"PB1"
"PAAC_Xc1.P",0.37040741315472,"PB1"
"PAAC_Xc1.S",1,"PB1"
"PAAC_Xc1.T",0.148413133851862,"PB1"
"PAAC_Xc1.W",0.0417584036613778,"PB1"
"PAAC_Xc1.Y",0.0319960651821543,"PB1"
"PAAC_Xc1.V",0.259206616727129,"PB1"
"PAAC_Xc2.lambda1",0.920547823037862,"PB1"
"PAAC_Xc2.lambda2",0.39869168024714,"PB1"
"PAAC_Xc2.lambda3",0.274266046020908,"PB1"
"PAAC_Xc1.A",0.330632851548072,"PB1"
"PAAC_Xc1.R",0.430568040342318,"PB1"
"PAAC_Xc1.N",0.0779281664959897,"PB1"
"PAAC_Xc1.D",0.469729449726011,"PB1"
"PAAC_Xc1.C",0.0312351135562801,"PB1"
"PAAC_Xc1.Q",0.352339721633791,"PB1"
"PAAC_Xc1.E",0.273516050475546,"PB1"
"PAAC_Xc1.G",0,"PB1"
"PAAC_Xc1.H",0.0261677340260755,"PB1"
"PAAC_Xc1.I",0.245139920931736,"PB1"
"PAAC_Xc1.L",0.136977962389888,"PB1"
"PAAC_Xc1.K",0.731290215459807,"PB1"
"PAAC_Xc1.M",0.128441565864996,"PB1"
"PAAC_Xc1.F",0.110273453791858,"PB1"
"PAAC_Xc1.P",0.222000112359228,"PB1"
"PAAC_Xc1.S",0.901145220877889,"PB1"
"PAAC_Xc1.T",0.15828368673189,"PB1"
"PAAC_Xc1.W",0.0548687503613556,"PB1"
"PAAC_Xc1.Y",0.0694795534364069,"PB1"
"PAAC_Xc1.V",0.365712972114766,"PB1"
"PAAC_Xc2.lambda1",1,"PB1"
"PAAC_Xc2.lambda2",0.641058721717945,"PB1"
"PAAC_Xc2.lambda3",0.294168471484972,"PB1"
"PAAC_Xc1.A",0.28227136108192,"PB1"
"PAAC_Xc1.R",0.314881270075953,"PB1"
"PAAC_Xc1.N",0.0667882115596143,"PB1"
"PAAC_Xc1.D",0.268054283846627,"PB1"
"PAAC_Xc1.C",0.0178788941486421,"PB1"
"PAAC_Xc1.Q",0.179192828393882,"PB1"
"PAAC_Xc1.E",0.344209724636205,"PB1"
"PAAC_Xc1.G",0,"PB1"
"PAAC_Xc1.H",4.62532907031335e-05,"PB1"
"PAAC_Xc1.I",0.221525459688021,"PB1"
"PAAC_Xc1.L",0.237355825106467,"PB1"
"PAAC_Xc1.K",0.578340490956944,"PB1"
"PAAC_Xc1.M",0.0983041250879139,"PB1"
"PAAC_Xc1.F",0.105164861182819,"PB1"
"PAAC_Xc1.P",0.529163521898458,"PB1"
"PAAC_Xc1.S",1,"PB1"
"PAAC_Xc1.T",0.139774552476131,"PB1"
"PAAC_Xc1.W",0.0314424272371308,"PB1"
"PAAC_Xc1.Y",0.0101075156403663,"PB1"
"PAAC_Xc1.V",0.362071156049076,"PB1"
"PAAC_Xc2.lambda1",0.530213749915671,"PB1"
"PAAC_Xc2.lambda2",0.607786828889916,"PB1"
"PAAC_Xc2.lambda3",0.251439577102266,"PB1"
"PAAC_Xc1.A",0.433312702104468,"PB1"
"PAAC_Xc1.R",0.352212294241925,"PB1"
"PAAC_Xc1.N",0.0484261654679205,"PB1"
"PAAC_Xc1.D",0.729564704489137,"PB1"
"PAAC_Xc1.C",0.0158743533500091,"PB1"
"PAAC_Xc1.Q",0.0665882803166652,"PB1"
"PAAC_Xc1.E",0.102615477927185,"PB1"
"PAAC_Xc1.G",0.00708490523764966,"PB1"
"PAAC_Xc1.H",0.00952881900525858,"PB1"
"PAAC_Xc1.I",0.122784751863923,"PB1"
"PAAC_Xc1.L",0.0334458430038243,"PB1"
"PAAC_Xc1.K",0.767371721693143,"PB1"
"PAAC_Xc1.M",0.245265140802686,"PB1"
"PAAC_Xc1.F",0,"PB1"
"PAAC_Xc1.P",0.241328507707948,"PB1"
"PAAC_Xc1.S",0.733968828905449,"PB1"
"PAAC_Xc1.T",0.25084813342829,"PB1"
"PAAC_Xc1.W",0.0469517006539083,"PB1"
"PAAC_Xc1.Y",0.0327654629628541,"PB1"
"PAAC_Xc1.V",0.328598476195195,"PB1"
"PAAC_Xc2.lambda1",1,"PB1"
"PAAC_Xc2.lambda2",0.66086546060627,"PB1"
"PAAC_Xc2.lambda3",0.401350896762262,"PB1"
"PAAC_Xc1.A",0.503223197196414,"PB1"
"PAAC_Xc1.R",0.0716347806211774,"PB1"
"PAAC_Xc1.N",0.0489543061317627,"PB1"
"PAAC_Xc1.D",1,"PB1"
"PAAC_Xc1.C",0.0473499051632501,"PB1"
"PAAC_Xc1.Q",0.051812142766588,"PB1"
"PAAC_Xc1.E",0.0507436337433914,"PB1"
"PAAC_Xc1.G",0.0423016006551059,"PB1"
"PAAC_Xc1.H",0.042776573449423,"PB1"
"PAAC_Xc1.I",0.0280781743403978,"PB1"
"PAAC_Xc1.L",0.0198709883406884,"PB1"
"PAAC_Xc1.K",0.462563956513095,"PB1"
"PAAC_Xc1.M",0.419591107296416,"PB1"
"PAAC_Xc1.F",0,"PB1"
"PAAC_Xc1.P",0.0636277557797651,"PB1"
"PAAC_Xc1.S",0.241345599607084,"PB1"
"PAAC_Xc1.T",0.14735079588022,"PB1"
"PAAC_Xc1.W",0.049052882385585,"PB1"
"PAAC_Xc1.Y",0.0580207406059356,"PB1"
"PAAC_Xc1.V",0.577026960182568,"PB1"
"PAAC_Xc2.lambda1",0.797587244264351,"PB1"
"PAAC_Xc2.lambda2",0.16245114911859,"PB1"
"PAAC_Xc2.lambda3",0.138657431590162,"PB1"
"PAAC_Xc1.A",0.181789150714573,"PB1"
"PAAC_Xc1.R",0.24709612826255,"PB1"
"PAAC_Xc1.N",0.0511282112177988,"PB1"
"PAAC_Xc1.D",0.275600530827489,"PB1"
"PAAC_Xc1.C",0.0214030711289506,"PB1"
"PAAC_Xc1.Q",0.0875261531533069,"PB1"
"PAAC_Xc1.E",0.121804919094755,"PB1"
"PAAC_Xc1.G",0.0248617595800868,"PB1"
"PAAC_Xc1.H",0,"PB1"
"PAAC_Xc1.I",0.118852685699105,"PB1"
"PAAC_Xc1.L",0.0649252747166406,"PB1"
"PAAC_Xc1.K",0.687368624751577,"PB1"
"PAAC_Xc1.M",0.121970312700904,"PB1"
"PAAC_Xc1.F",0.0431188977716596,"PB1"
"PAAC_Xc1.P",0.332277304991937,"PB1"
"PAAC_Xc1.S",0.776968719417862,"PB1"
"PAAC_Xc1.T",0.155012392165697,"PB1"
"PAAC_Xc1.W",0.0204404063327091,"PB1"
"PAAC_Xc1.Y",0.00941741107725055,"PB1"
"PAAC_Xc1.V",0.266904143285682,"PB1"
"PAAC_Xc2.lambda1",1,"PB1"
"PAAC_Xc2.lambda2",0.47654992428201,"PB1"
"PAAC_Xc2.lambda3",0.170811253508766,"PB1"
"PAAC_Xc1.A",0.267073270838291,"PB1"
"PAAC_Xc1.R",0.362209654455919,"PB1"
"PAAC_Xc1.N",0.119882695979674,"PB1"
"PAAC_Xc1.D",0.454996125875593,"PB1"
"PAAC_Xc1.C",0.102444901495804,"PB1"
"PAAC_Xc1.Q",0.360459667568232,"PB1"
"PAAC_Xc1.E",0.563564884749087,"PB1"
"PAAC_Xc1.G",0,"PB1"
"PAAC_Xc1.H",0.071989079871302,"PB1"
"PAAC_Xc1.I",0.349139220858246,"PB1"
"PAAC_Xc1.L",0.336532795822857,"PB1"
"PAAC_Xc1.K",0.60104032588632,"PB1"
"PAAC_Xc1.M",0.247498616809607,"PB1"
"PAAC_Xc1.F",0.461200314021062,"PB1"
"PAAC_Xc1.P",0.884848103344152,"PB1"
"PAAC_Xc1.S",1,"PB1"
"PAAC_Xc1.T",0.14626998957341,"PB1"
"PAAC_Xc1.W",0.092030722849066,"PB1"
"PAAC_Xc1.Y",0.0914682806793054,"PB1"
"PAAC_Xc1.V",0.328227265367021,"PB1"
"PAAC_Xc2.lambda1",0.396481122707122,"PB1"
"PAAC_Xc2.lambda2",0.852808832040544,"PB1"
"PAAC_Xc2.lambda3",0.392010594087696,"PB1"
"PAAC_Xc1.A",0.267369051609446,"PB1"
"PAAC_Xc1.R",0.424057124952978,"PB1"
"PAAC_Xc1.N",0.0397624515386824,"PB1"
"PAAC_Xc1.D",0.495469068473302,"PB1"
"PAAC_Xc1.C",0.024797742201961,"PB1"
"PAAC_Xc1.Q",0.257289477809253,"PB1"
"PAAC_Xc1.E",0.296609137321041,"PB1"
"PAAC_Xc1.G",0,"PB1"
"PAAC_Xc1.H",0.00169553527730977,"PB1"
"PAAC_Xc1.I",0.190023636187123,"PB1"
"PAAC_Xc1.L",0.168412940527247,"PB1"
"PAAC_Xc1.K",0.832176486403334,"PB1"
"PAAC_Xc1.M",0.129206000013413,"PB1"
"PAAC_Xc1.F",0.103144307222073,"PB1"
"PAAC_Xc1.P",0.571899437163186,"PB1"
"PAAC_Xc1.S",1,"PB1"
"PAAC_Xc1.T",0.19436281061323,"PB1"
"PAAC_Xc1.W",0.0217791420135011,"PB1"
"PAAC_Xc1.Y",0.0163411731422518,"PB1"
"PAAC_Xc1.V",0.284082111115813,"PB1"
"PAAC_Xc2.lambda1",0.482447980240267,"PB1"
"PAAC_Xc2.lambda2",0.694696041732816,"PB1"
"PAAC_Xc2.lambda3",0.282436959291534,"PB1"
"PAAC_Xc1.A",0.299981411702576,"PB1"
"PAAC_Xc1.R",0.333405668542304,"PB1"
"PAAC_Xc1.N",0.0655324918010706,"PB1"
"PAAC_Xc1.D",0.860059898075024,"PB1"
"PAAC_Xc1.C",0.0318764741483712,"PB1"
"PAAC_Xc1.Q",0.245377859846379,"PB1"
"PAAC_Xc1.E",0.334655908551353,"PB1"
"PAAC_Xc1.G",0.0198821060815035,"PB1"
"PAAC_Xc1.H",0,"PB1"
"PAAC_Xc1.I",0.295477292180736,"PB1"
"PAAC_Xc1.L",0.255922589373017,"PB1"
"PAAC_Xc1.K",0.524793724666907,"PB1"
"PAAC_Xc1.M",0.203769575443315,"PB1"
"PAAC_Xc1.F",0.261735919860986,"PB1"
"PAAC_Xc1.P",0.763347796572313,"PB1"
"PAAC_Xc1.S",1,"PB1"
"PAAC_Xc1.T",0.270004146424302,"PB1"
"PAAC_Xc1.W",0.0392450594072742,"PB1"
"PAAC_Xc1.Y",0.0406814041853415,"PB1"
"PAAC_Xc1.V",0.403902865773076,"PB1"
"PAAC_Xc2.lambda1",0.582677878554777,"PB1"
"PAAC_Xc2.lambda2",0.801101755123861,"PB1"
"PAAC_Xc2.lambda3",0.367932125198833,"PB1"
"PAAC_Xc1.A",0.276043247730719,"PB1"
"PAAC_Xc1.R",0.412879871727338,"PB1"
"PAAC_Xc1.N",0.192903805260436,"PB1"
"PAAC_Xc1.D",0.14457420405852,"PB1"
"PAAC_Xc1.C",0.143440466830081,"PB1"
"PAAC_Xc1.Q",0.0329058451169085,"PB1"
"PAAC_Xc1.E",0.0357543018754649,"PB1"
"PAAC_Xc1.G",0.193614875920858,"PB1"
"PAAC_Xc1.H",0.155525606493698,"PB1"
"PAAC_Xc1.I",0.154230764456302,"PB1"
"PAAC_Xc1.L",0.0146189967531159,"PB1"
"PAAC_Xc1.K",0.249772969632451,"PB1"
"PAAC_Xc1.M",0.189503110944575,"PB1"
"PAAC_Xc1.F",0,"PB1"
"PAAC_Xc1.P",0.102952034323009,"PB1"
"PAAC_Xc1.S",1,"PB1"
"PAAC_Xc1.T",0.164127899208219,"PB1"
"PAAC_Xc1.W",0.156783938906827,"PB1"
"PAAC_Xc1.Y",0.215818242703585,"PB1"
"PAAC_Xc1.V",0.473301523422071,"PB1"
"PAAC_Xc2.lambda1",0.350773189061925,"PB1"
"PAAC_Xc2.lambda2",0.435297269383798,"PB1"
"PAAC_Xc2.lambda3",0.673111958087305,"PB1"
"PAAC_Xc1.A",0.248908847757138,"PB1"
"PAAC_Xc1.R",0.203694409662907,"PB1"
"PAAC_Xc1.N",0.0437755990102961,"PB1"
"PAAC_Xc1.D",0.678460497527493,"PB1"
"PAAC_Xc1.C",0.0360904344100565,"PB1"
"PAAC_Xc1.Q",0.079632074643251,"PB1"
"PAAC_Xc1.E",0.0865161417991652,"PB1"
"PAAC_Xc1.G",0.0154356797601186,"PB1"
"PAAC_Xc1.H",0.00644886570554459,"PB1"
"PAAC_Xc1.I",0.137154830418225,"PB1"
"PAAC_Xc1.L",0.0195476284963467,"PB1"
"PAAC_Xc1.K",0.652357041134994,"PB1"
"PAAC_Xc1.M",0.196836642162879,"PB1"
"PAAC_Xc1.F",0,"PB1"
"PAAC_Xc1.P",0.340201128756218,"PB1"
"PAAC_Xc1.S",1,"PB1"
"PAAC_Xc1.T",0.190196002417323,"PB1"
"PAAC_Xc1.W",0.0229612873903183,"PB1"
"PAAC_Xc1.Y",0.0134665570043712,"PB1"
"PAAC_Xc1.V",0.328998442875655,"PB1"
"PAAC_Xc2.lambda1",0.781664994260173,"PB1"
"PAAC_Xc2.lambda2",0.449217646556823,"PB1"
"PAAC_Xc2.lambda3",0.306790845317764,"PB1"
"PAAC_Xc1.A",0.414693534702927,"PB1"
"PAAC_Xc1.R",0.149140184687469,"PB1"
"PAAC_Xc1.N",0.0144994033706857,"PB1"
"PAAC_Xc1.D",1,"PB1"
"PAAC_Xc1.C",0.0138277345726017,"PB1"
"PAAC_Xc1.Q",0.0101982678238843,"PB1"
"PAAC_Xc1.E",0.045404965721594,"PB1"
"PAAC_Xc1.G",0.00368557105333973,"PB1"
"PAAC_Xc1.H",0,"PB1"
"PAAC_Xc1.I",0.0994111190310512,"PB1"
"PAAC_Xc1.L",0.0217509031592231,"PB1"
"PAAC_Xc1.K",0.839080255046629,"PB1"
"PAAC_Xc1.M",0.576943649218775,"PB1"
"PAAC_Xc1.F",0.0474746391483157,"PB1"
"PAAC_Xc1.P",0.0385195081671312,"PB1"
"PAAC_Xc1.S",0.573045830434136,"PB1"
"PAAC_Xc1.T",0.0965347437652551,"PB1"
"PAAC_Xc1.W",0.00570021345260063,"PB1"
"PAAC_Xc1.Y",0.00228024699195606,"PB1"
"PAAC_Xc1.V",0.342366382716412,"PB1"
"PAAC_Xc2.lambda1",0.433518304616383,"PB1"
"PAAC_Xc2.lambda2",0.112314408663048,"PB1"
"PAAC_Xc2.lambda3",0.171887368878211,"PB1"
"PAAC_Xc1.A",0.146720980623461,"PB2"
"PAAC_Xc1.R",0.307374162641217,"PB2"
"PAAC_Xc1.N",0.14598910178427,"PB2"
"PAAC_Xc1.D",0.0470760391165426,"PB2"
"PAAC_Xc1.C",0.412996060007188,"PB2"
"PAAC_Xc1.Q",0,"PB2"
"PAAC_Xc1.E",0.104730924157194,"PB2"
"PAAC_Xc1.G",0.0411076264724685,"PB2"
"PAAC_Xc1.H",0.0824383310004357,"PB2"
"PAAC_Xc1.I",0.00904176712179264,"PB2"
"PAAC_Xc1.L",0.0412009778293478,"PB2"
"PAAC_Xc1.K",1,"PB2"
"PAAC_Xc1.M",0.227023752590152,"PB2"
"PAAC_Xc1.F",0.0257157908065638,"PB2"
"PAAC_Xc1.P",0.0623999126452099,"PB2"
"PAAC_Xc1.S",0.0585590846499179,"PB2"
"PAAC_Xc1.T",0.477282186798898,"PB2"
"PAAC_Xc1.W",0.279875908831878,"PB2"
"PAAC_Xc1.Y",0.222519011278907,"PB2"
"PAAC_Xc1.V",0.948661135328004,"PB2"
"PAAC_Xc2.lambda1",0.159878190971001,"PB2"
"PAAC_Xc2.lambda2",0.392657850770503,"PB2"
"PAAC_Xc2.lambda3",0.82795311850938,"PB2"
"PAAC_Xc1.A",0.119607152523808,"PB2"
"PAAC_Xc1.R",0.257698835699177,"PB2"
"PAAC_Xc1.N",0.125094461411149,"PB2"
"PAAC_Xc1.D",0.0598783358082918,"PB2"
"PAAC_Xc1.C",0.348607888812025,"PB2"
"PAAC_Xc1.Q",0,"PB2"
"PAAC_Xc1.E",0.0620453819706943,"PB2"
"PAAC_Xc1.G",0.0374631803198766,"PB2"
"PAAC_Xc1.H",0.0858110701858886,"PB2"
"PAAC_Xc1.I",0.00205243626929582,"PB2"
"PAAC_Xc1.L",0.0178036003642792,"PB2"
"PAAC_Xc1.K",1,"PB2"
"PAAC_Xc1.M",0.17827493710942,"PB2"
"PAAC_Xc1.F",0.00141817168610325,"PB2"
"PAAC_Xc1.P",0.0303919141008819,"PB2"
"PAAC_Xc1.S",0.0656946933932749,"PB2"
"PAAC_Xc1.T",0.32126497985536,"PB2"
"PAAC_Xc1.W",0.199307212957203,"PB2"
"PAAC_Xc1.Y",0.229077795655033,"PB2"
"PAAC_Xc1.V",0.844492075148891,"PB2"
"PAAC_Xc2.lambda1",0.168987884074273,"PB2"
"PAAC_Xc2.lambda2",0.321024385366983,"PB2"
"PAAC_Xc2.lambda3",0.62034458752137,"PB2"
"PAAC_Xc1.A",0.112504138239043,"PB2"
"PAAC_Xc1.R",0.230804897744308,"PB2"
"PAAC_Xc1.N",0.110664776188689,"PB2"
"PAAC_Xc1.D",0.0639125781261829,"PB2"
"PAAC_Xc1.C",0.394693957677356,"PB2"
"PAAC_Xc1.Q",0.0178967152711264,"PB2"
"PAAC_Xc1.E",0.0611249210853758,"PB2"
"PAAC_Xc1.G",0.0403825580612138,"PB2"
"PAAC_Xc1.H",0.0800250890536509,"PB2"
"PAAC_Xc1.I",0,"PB2"
"PAAC_Xc1.L",0.0237810387197726,"PB2"
"PAAC_Xc1.K",1,"PB2"
"PAAC_Xc1.M",0.169348088457901,"PB2"
"PAAC_Xc1.F",0.00506305684405699,"PB2"
"PAAC_Xc1.P",0.0509987558509035,"PB2"
"PAAC_Xc1.S",0.0651337254651229,"PB2"
"PAAC_Xc1.T",0.344172389424869,"PB2"
"PAAC_Xc1.W",0.341969295437482,"PB2"
"PAAC_Xc1.Y",0.304772775326511,"PB2"
"PAAC_Xc1.V",0.94006989384773,"PB2"
"PAAC_Xc2.lambda1",0.192119979600333,"PB2"
"PAAC_Xc2.lambda2",0.299260137829086,"PB2"
"PAAC_Xc2.lambda3",0.586738792980969,"PB2"
"PAAC_Xc1.A",0.166136933823316,"PB2"
"PAAC_Xc1.R",0.290435780338339,"PB2"
"PAAC_Xc1.N",0.145649131020288,"PB2"
"PAAC_Xc1.D",0.10641544143971,"PB2"
"PAAC_Xc1.C",0.465572684028901,"PB2"
"PAAC_Xc1.Q",0,"PB2"
"PAAC_Xc1.E",0.187147349489871,"PB2"
"PAAC_Xc1.G",0.0770020706118392,"PB2"
"PAAC_Xc1.H",0.11351931096697,"PB2"
"PAAC_Xc1.I",0.0545077714756554,"PB2"
"PAAC_Xc1.L",0.0631120121337686,"PB2"
"PAAC_Xc1.K",1,"PB2"
"PAAC_Xc1.M",0.229095590048978,"PB2"
"PAAC_Xc1.F",0.00262872740985509,"PB2"
"PAAC_Xc1.P",0.114172570518973,"PB2"
"PAAC_Xc1.S",0.0979912386253074,"PB2"
"PAAC_Xc1.T",0.464421293051057,"PB2"
"PAAC_Xc1.W",0.237798677214595,"PB2"
"PAAC_Xc1.Y",0.278693745919141,"PB2"
"PAAC_Xc1.V",0.903968464189235,"PB2"
"PAAC_Xc2.lambda1",0.218908049118218,"PB2"
"PAAC_Xc2.lambda2",0.60068879784145,"PB2"
"PAAC_Xc2.lambda3",0.769619853985558,"PB2"
"PAAC_Xc1.A",0.130922080865022,"PB2"
"PAAC_Xc1.R",0.239374931082129,"PB2"
"PAAC_Xc1.N",0.116280895409801,"PB2"
"PAAC_Xc1.D",0.0682485918752004,"PB2"
"PAAC_Xc1.C",0.367406679496893,"PB2"
"PAAC_Xc1.Q",0,"PB2"
"PAAC_Xc1.E",0.0428711240046355,"PB2"
"PAAC_Xc1.G",0.0389989011219078,"PB2"
"PAAC_Xc1.H",0.0747889148968603,"PB2"
"PAAC_Xc1.I",0.0154957178583529,"PB2"
"PAAC_Xc1.L",0.0459600115725322,"PB2"
"PAAC_Xc1.K",1,"PB2"
"PAAC_Xc1.M",0.185600349785889,"PB2"
"PAAC_Xc1.F",0.0100752150623664,"PB2"
"PAAC_Xc1.P",0.0372073821169774,"PB2"
"PAAC_Xc1.S",0.0474315860071491,"PB2"
"PAAC_Xc1.T",0.318929122283178,"PB2"
"PAAC_Xc1.W",0.278403354838506,"PB2"
"PAAC_Xc1.Y",0.159570988316211,"PB2"
"PAAC_Xc1.V",0.894635384964917,"PB2"
"PAAC_Xc2.lambda1",0.20115898456574,"PB2"
"PAAC_Xc2.lambda2",0.399326750809724,"PB2"
"PAAC_Xc2.lambda3",0.627616235217658,"PB2"
"PAAC_Xc1.A",0.0138329944612399,"PB2"
"PAAC_Xc1.R",0.172849831114594,"PB2"
"PAAC_Xc1.N",0.0771581263642166,"PB2"
"PAAC_Xc1.D",0.0161754797500023,"PB2"
"PAAC_Xc1.C",0.215712595219127,"PB2"
"PAAC_Xc1.Q",0.00103737018677347,"PB2"
"PAAC_Xc1.E",0.0310367581722864,"PB2"
"PAAC_Xc1.G",0.00668602795441862,"PB2"
"PAAC_Xc1.H",0.0188699561200078,"PB2"
"PAAC_Xc1.I",0.00361672481518747,"PB2"
"PAAC_Xc1.L",0.0345541900188251,"PB2"
"PAAC_Xc1.K",0.674933455790205,"PB2"
"PAAC_Xc1.M",0.0412827513760386,"PB2"
"PAAC_Xc1.F",0,"PB2"
"PAAC_Xc1.P",0.0850004552080262,"PB2"
"PAAC_Xc1.S",0.0160495695957849,"PB2"
"PAAC_Xc1.T",0.216038040865845,"PB2"
"PAAC_Xc1.W",0.10135491640937,"PB2"
"PAAC_Xc1.Y",0.113544990506099,"PB2"
"PAAC_Xc1.V",1,"PB2"
"PAAC_Xc2.lambda1",0.094943542923284,"PB2"
"PAAC_Xc2.lambda2",0.168908438309459,"PB2"
"PAAC_Xc2.lambda3",0.475247513271067,"PB2"
"PAAC_Xc1.A",0.177337219376059,"PB2"
"PAAC_Xc1.R",0.259397840186455,"PB2"
"PAAC_Xc1.N",0.127476769591043,"PB2"
"PAAC_Xc1.D",0.081530220673017,"PB2"
"PAAC_Xc1.C",0.318984211464609,"PB2"
"PAAC_Xc1.Q",0.00607501096826384,"PB2"
"PAAC_Xc1.E",0.0856335162602328,"PB2"
"PAAC_Xc1.G",0.0668298122016962,"PB2"
"PAAC_Xc1.H",0.0629199129968666,"PB2"
"PAAC_Xc1.I",0,"PB2"
"PAAC_Xc1.L",0.0305972716731584,"PB2"
"PAAC_Xc1.K",1,"PB2"
"PAAC_Xc1.M",0.146848608600779,"PB2"
"PAAC_Xc1.F",0.0276287391141699,"PB2"
"PAAC_Xc1.P",0.0577710901670602,"PB2"
"PAAC_Xc1.S",0.0743754707173629,"PB2"
"PAAC_Xc1.T",0.289339502882838,"PB2"
"PAAC_Xc1.W",0.242762198003289,"PB2"
"PAAC_Xc1.Y",0.206942796431748,"PB2"
"PAAC_Xc1.V",0.616910014016732,"PB2"
"PAAC_Xc2.lambda1",0.145049772555529,"PB2"
"PAAC_Xc2.lambda2",0.477577227492541,"PB2"
"PAAC_Xc2.lambda3",0.843846611773057,"PB2"
"PAAC_Xc1.A",0.137225717868706,"PB2"
"PAAC_Xc1.R",0.169149700392325,"PB2"
"PAAC_Xc1.N",0.0977235853131061,"PB2"
"PAAC_Xc1.D",0.0370448100512774,"PB2"
"PAAC_Xc1.C",0.31261763726141,"PB2"
"PAAC_Xc1.Q",0,"PB2"
"PAAC_Xc1.E",0.0720528749103016,"PB2"
"PAAC_Xc1.G",0.026274505218686,"PB2"
"PAAC_Xc1.H",0.0634204498556665,"PB2"
"PAAC_Xc1.I",0.00877734390646909,"PB2"
"PAAC_Xc1.L",0.018293279000599,"PB2"
"PAAC_Xc1.K",1,"PB2"
"PAAC_Xc1.M",0.119205371428294,"PB2"
"PAAC_Xc1.F",0.00918642843254455,"PB2"
"PAAC_Xc1.P",0.0527290395354526,"PB2"
"PAAC_Xc1.S",0.0492847389904752,"PB2"
"PAAC_Xc1.T",0.252001516515778,"PB2"
"PAAC_Xc1.W",0.290949838038558,"PB2"
"PAAC_Xc1.Y",0.219203546168633,"PB2"
"PAAC_Xc1.V",0.732628362717503,"PB2"
"PAAC_Xc2.lambda1",0.136997693142807,"PB2"
"PAAC_Xc2.lambda2",0.3776603938404,"PB2"
"PAAC_Xc2.lambda3",0.566561175584213,"PB2"
"PAAC_Xc1.A",0.134657512275471,"PB2"
"PAAC_Xc1.R",0.268015861197293,"PB2"
"PAAC_Xc1.N",0.125139419771246,"PB2"
"PAAC_Xc1.D",0.0636817860955986,"PB2"
"PAAC_Xc1.C",0.447716469428997,"PB2"
"PAAC_Xc1.Q",0.0108911547338365,"PB2"
"PAAC_Xc1.E",0.0606810267389502,"PB2"
"PAAC_Xc1.G",0.0416183340822253,"PB2"
"PAAC_Xc1.H",0.0687851563907948,"PB2"
"PAAC_Xc1.I",0,"PB2"
"PAAC_Xc1.L",0.0461816967684586,"PB2"
"PAAC_Xc1.K",0.869829741462632,"PB2"
"PAAC_Xc1.M",0.223370535656032,"PB2"
"PAAC_Xc1.F",0.0149604092722047,"PB2"
"PAAC_Xc1.P",0.104604909811012,"PB2"
"PAAC_Xc1.S",0.0560749534325379,"PB2"
"PAAC_Xc1.T",0.389091806294085,"PB2"
"PAAC_Xc1.W",0.271852882329308,"PB2"
"PAAC_Xc1.Y",0.217380240409782,"PB2"
"PAAC_Xc1.V",1,"PB2"
"PAAC_Xc2.lambda1",0.156470285790178,"PB2"
"PAAC_Xc2.lambda2",0.379520488310205,"PB2"
"PAAC_Xc2.lambda3",0.681535947815736,"PB2"
"PAAC_Xc1.A",0.114905320958818,"PB2"
"PAAC_Xc1.R",0.231681430008103,"PB2"
"PAAC_Xc1.N",0.0988691607778668,"PB2"
"PAAC_Xc1.D",0.0427373486587166,"PB2"
"PAAC_Xc1.C",0.412952048793283,"PB2"
"PAAC_Xc1.Q",0,"PB2"
"PAAC_Xc1.E",0.0759917885446448,"PB2"
"PAAC_Xc1.G",0.0253480138285327,"PB2"
"PAAC_Xc1.H",0.0451986413637924,"PB2"
"PAAC_Xc1.I",0.0296695356758809,"PB2"
"PAAC_Xc1.L",0.0386301482174804,"PB2"
"PAAC_Xc1.K",0.805913729509433,"PB2"
"PAAC_Xc1.M",0.181958513326689,"PB2"
"PAAC_Xc1.F",0.0423909016066649,"PB2"
"PAAC_Xc1.P",0.0803108724641197,"PB2"
"PAAC_Xc1.S",0.0448929339092778,"PB2"
"PAAC_Xc1.T",0.372406442400881,"PB2"
"PAAC_Xc1.W",0.284143277990086,"PB2"
"PAAC_Xc1.Y",0.183464553198608,"PB2"
"PAAC_Xc1.V",1,"PB2"
"PAAC_Xc2.lambda1",0.182169337855491,"PB2"
"PAAC_Xc2.lambda2",0.36259093355784,"PB2"
"PAAC_Xc2.lambda3",0.84213303282014,"PB2"
"PAAC_Xc1.A",0.496911063578647,"PB2"
"PAAC_Xc1.R",0.400148048707442,"PB2"
"PAAC_Xc1.N",0.327417008661437,"PB2"
"PAAC_Xc1.D",0.262670716943754,"PB2"
"PAAC_Xc1.C",0.58170519491803,"PB2"
"PAAC_Xc1.Q",0,"PB2"
"PAAC_Xc1.E",0.00694016358947409,"PB2"
"PAAC_Xc1.G",0.3576532255117,"PB2"
"PAAC_Xc1.H",0.622032695847001,"PB2"
"PAAC_Xc1.I",0.013506047369788,"PB2"
"PAAC_Xc1.L",0.0242641995873518,"PB2"
"PAAC_Xc1.K",0.519988726511157,"PB2"
"PAAC_Xc1.M",0.789835890645266,"PB2"
"PAAC_Xc1.F",0.0090387477826385,"PB2"
"PAAC_Xc1.P",0.00608323018236636,"PB2"
"PAAC_Xc1.S",0.308810379339201,"PB2"
"PAAC_Xc1.T",0.612889804677912,"PB2"
"PAAC_Xc1.W",1,"PB2"
"PAAC_Xc1.Y",0.980856961859652,"PB2"
"PAAC_Xc1.V",0.766972583087861,"PB2"
"PAAC_Xc2.lambda1",0.294858922348651,"PB2"
"PAAC_Xc2.lambda2",0.569779047889544,"PB2"
"PAAC_Xc2.lambda3",0.50711348335161,"PB2"
"PAAC_Xc1.A",0.129474445878576,"PB2"
"PAAC_Xc1.R",0.20716323004288,"PB2"
"PAAC_Xc1.N",0.125148169896257,"PB2"
"PAAC_Xc1.D",0.0461389294693067,"PB2"
"PAAC_Xc1.C",0.375669967751291,"PB2"
"PAAC_Xc1.Q",0,"PB2"
"PAAC_Xc1.E",0.00705029881859749,"PB2"
"PAAC_Xc1.G",0.0186898203862259,"PB2"
"PAAC_Xc1.H",0.0487443492699879,"PB2"
"PAAC_Xc1.I",0.0147834400445481,"PB2"
"PAAC_Xc1.L",0.0152654574674334,"PB2"
"PAAC_Xc1.K",0.921321391361501,"PB2"
"PAAC_Xc1.M",0.126100332132851,"PB2"
"PAAC_Xc1.F",0.008222794511969,"PB2"
"PAAC_Xc1.P",0.0535908800833768,"PB2"
"PAAC_Xc1.S",0.0317683880253126,"PB2"
"PAAC_Xc1.T",0.3370292671291,"PB2"
"PAAC_Xc1.W",0.171330289242196,"PB2"
"PAAC_Xc1.Y",0.137458268874148,"PB2"
"PAAC_Xc1.V",1,"PB2"
"PAAC_Xc2.lambda1",0.156734703234689,"PB2"
"PAAC_Xc2.lambda2",0.303562307513864,"PB2"
"PAAC_Xc2.lambda3",0.753284144927477,"PB2"
"PAAC_Xc1.A",0.0819987263131541,"PB2"
"PAAC_Xc1.R",0.110705439804145,"PB2"
"PAAC_Xc1.N",0.0164553917841386,"PB2"
"PAAC_Xc1.D",0.0193725934296012,"PB2"
"PAAC_Xc1.C",0.0588766772986054,"PB2"
"PAAC_Xc1.Q",0.0193299743542301,"PB2"
"PAAC_Xc1.E",0.020538361710544,"PB2"
"PAAC_Xc1.G",0.00549879786538637,"PB2"
"PAAC_Xc1.H",0.0194782323275555,"PB2"
"PAAC_Xc1.I",0.0837020507240334,"PB2"
"PAAC_Xc1.L",0.0712586650331011,"PB2"
"PAAC_Xc1.K",0.893758321829901,"PB2"
"PAAC_Xc1.M",0.124566950725522,"PB2"
"PAAC_Xc1.F",0.0330677020062027,"PB2"
"PAAC_Xc1.P",0.0330100156430237,"PB2"
"PAAC_Xc1.S",0,"PB2"
"PAAC_Xc1.T",0.353157328609821,"PB2"
"PAAC_Xc1.W",0.0813740143375635,"PB2"
"PAAC_Xc1.Y",0.0318008706829499,"PB2"
"PAAC_Xc1.V",1,"PB2"
"PAAC_Xc2.lambda1",0.0672162415365294,"PB2"
"PAAC_Xc2.lambda2",0.366786371386626,"PB2"
"PAAC_Xc2.lambda3",0.626995391482073,"PB2"
